artist	source
Selwyn Birchwood	collection
The Wood Brothers	collection
BRASSIE	collection
The Wildmans	collection
Jon Wilks	collection
Sabine McCalla	collection
Sparkbird	collection
La Unica	collection
Son House and J.D. Short	collection
Hannah Cohen	collection
Mike Berman	collection
Clifton Chenier	both
Daniel Donato's Cosmic Country	collection
Michael Jacob Rinzel	collection
Danielle Nicole	collection
Christone "Kingfish" Ingram	collection
Judy Blank	collection
Valerie June	both
Beth Hart	collection
Amythyst Kiah	collection
Jackie Venson	both
Taylor Ashton	collection
Kate Davis	collection
Carly Harvey	collection
Jake Xerxes Fussell	collection
The Gator featuring Candice Ivory	collection
Jake Blount	collection
Rebecca Porter	collection
Leyla McCalla	collection
Kaia Kater	collection
Al Olender	collection
Elsie Franklin	collection
Daniel Donato	collection
HEX	collection
Lightnin' Hopkins	collection
Kim V Porcelli	collection
Our Native Daughters	collection
Sadurn	collection
Muireann Bradley	collection
Buffalo Nichols	collection
Jaime Wyatt	collection
Rhiannon Giddens	collection
Adia Victoria	collection
Southern Avenue	collection
Dr John	collection
Lindsay Lou	collection
Danny Burns	collection
Emily Henry	collection
Whitney Mongé	collection
j'onlyone	collection
Just Mushrooms	collection
Christo Graham	collection
Josh Okeefe	wishlist
The California Honeydrops	wishlist
Various Artists	wishlist
Eric Gales	wishlist
J & The Causeways	wishlist
The Heavy Heavy	wishlist
Bridge City Sinners	wishlist
Kara Jackson	wishlist
Jon Muq	wishlist
Dale Ann Bradley	wishlist
Yasmin Williams	wishlist
Mystery Friends	wishlist
Peter Gabriel	wishlist
Cu Dubh	wishlist
