Artist	Venue	Date	Event URL
Walter Trout	Rams Head On Stage	Apr 06 - 8:00 PM	https://www.bandsintown.com/e/1037454331-walter-trout-at-rams-head-on-stage
Walter Trout	Jammin Java	Apr 07 - 8:00 PM	https://www.bandsintown.com/e/107816431-walter-trout-at-jammin-java
Angélique Kidjo	The Music Center at Strathmore	Apr 09 - 8:00 PM	https://www.bandsintown.com/e/107451599-angelique-kidjo-at-the-music-center-at-strathmore
The Pietasters	Tally Ho Theater	Apr 10 - 7:00 PM	https://www.bandsintown.com/e/1037675471-the-pietasters-at-tally-ho-theater
BOYS LIKE GIRLS	The Fillmore Silver Spring	Apr 10 - 8:00 PM	https://www.bandsintown.com/e/107538315-boys-like-girls-at-the-fillmore-silver-spring
David Wax Museum	Rams Head On Stage	Apr 10 - 8:00 PM	https://www.bandsintown.com/e/1037970986-david-wax-museum-at-rams-head-on-stage
Jake Xerxes Fussell	Union Stage	Apr 11 - 7:00 PM	https://www.bandsintown.com/e/107876360-jake-xerxes-fussell-at-union-stage
Anders Osborne	RAK Brewing Co	Apr 11 - 7:00 PM	https://www.bandsintown.com/e/107899609-anders-osborne-at-rak-brewing-co
Barns Courtney	Pearl Street Warehouse	Apr 12 - 7:00 PM	https://www.bandsintown.com/e/107796600-barns-courtney-at-pearl-street-warehouse
Snarky Puppy	Warner Theatre	Apr 13 - 8:00 PM	https://www.bandsintown.com/e/1036772790-snarky-puppy-at-warner-theatre
David Wax Museum	David Wax Museum & Lowland Hum present The Golden Hours	Apr 14 - 6:00 PM	https://www.bandsintown.com/e/107837955-david-wax-museum-at-jammin-java
Mark Lettieri Music	Purbayan Chatterjee & Mark Lettieri's Feathered Creatures @ Montgomery College	Apr 15 - 7:00 PM	https://www.bandsintown.com/e/108187845-mark-lettieri-music-at-cultural-arts-center-montgomery-college
Béla Fleck	BEATrio @ Goucher College	Apr 16 - 8:00 PM	https://www.bandsintown.com/e/107532738-bela-fleck-at-goucher-college
Rhiannon Giddens	Baltimore Museum of Industry	Apr 17 - 5:00 PM	https://www.bandsintown.com/e/1037150819-rhiannon-giddens-at-baltimore-museum-of-industry
Anthony D'Amato	Fantastic Cat @ The Hamilton	Apr 17 - 7:00 PM	https://www.bandsintown.com/e/107843199-anthony-d'amato-at-the-hamilton-live
Waxahatchee	The Anthem	Apr 17 - 7:30 PM	https://www.bandsintown.com/e/1037176902-waxahatchee-at-the-anthem
Black Pistol Fire	The Atlantis	Apr 17 - 8:00 PM	https://www.bandsintown.com/e/107644269-black-pistol-fire-at-the-atlantis
The Toasters	Never Early Fest	Apr 18 - 12:00 PM	https://www.bandsintown.com/e/107908159-the-toasters-at-the-recher
Anthony D'Amato	Fantastic Cat @ The 8x10	Apr 18 - 7:00 PM	https://www.bandsintown.com/e/107843206-anthony-d'amato-at-the-8x10
Snail Mail	Snail Mail	Apr 18 - 7:00 PM	https://www.bandsintown.com/e/107828721-snail-mail-at-union-collective
Band of Horses	Everything All The Time Anniversary Tour	Apr 18 - 7:00 PM	https://www.bandsintown.com/e/107791707-band-of-horses-at-nevermore-hall
Florence and The Machine	Capital One Arena	Apr 18 - 7:30 PM	https://www.bandsintown.com/e/1036951140-florence-and-the-machine-at-capital-one-arena
Tommy Castro	Tommy Castro and the Painkillers "Closer To The Bone" Tour at Rams Head On Stage	Apr 19 - 7:00 PM	https://www.bandsintown.com/e/107733516-tommy-castro-at-rams-head-on-stage
Los Lobos	Los Lobos @ The Birchmere	Apr 19 - 7:30 PM	https://www.bandsintown.com/e/1037602696-los-lobos-at-birchmere
The James Hunter Six	The Hamilton Live	Apr 19 - 8:00 PM	https://www.bandsintown.com/e/1038126075-the-james-hunter-six-at-the-hamilton-live
James Hunter	The Hamilton Live	Apr 19 - 8:00 PM	https://www.bandsintown.com/e/1038452306-james-hunter-at-the-hamilton-live
Los Lobos	Los Lobos + Los Hermanos Alacranes @ The Birchmere	Apr 20 - 7:00 PM	https://www.bandsintown.com/e/107896134-los-lobos-at-birchmere
Ally Venable Band	Rams Head On Stage	Apr 20 - 8:00 PM	https://www.bandsintown.com/e/107860397-ally-venable-band-at-rams-head-on-stage
St. Paul and the Broken Bones	9:30 Club	Apr 24 - 8:00 PM	https://www.bandsintown.com/e/1036822561-st.-paul-and-the-broken-bones-at-9:30-club
Barleyjuice	Barleyjuice @ Southern Maryland Celtic festival 2026	Apr 25 - 11:00 AM	https://www.bandsintown.com/e/107361226-barleyjuice-at-jefferson-patterson-park
Lisa Fischer	Ms. Lisa Fischer and Grand Baton	May 01 - 6:00 PM	https://www.bandsintown.com/e/108172253-lisa-fischer-at-keystone-korner-baltimore
Lisa Fischer	Ms. Lisa Fischer and Grand Baton	May 01 - 8:30 PM	https://www.bandsintown.com/e/1037600371-lisa-fischer-at-keystone-korner-baltimore
Jake Blount	Bourbon & Bluegrass at President Lincoln's Cottage 2026	May 02 - 1:10 PM	https://www.bandsintown.com/e/108079947-jake-blount-at-president-lincoln's-cottage
Lisa Fischer	Ms. Lisa Fischer and Grand Baton	May 02 - 6:00 PM	https://www.bandsintown.com/e/108172258-lisa-fischer-at-keystone-korner-baltimore
Bruno Mars	Northwest Stadium	May 02 - 7:00 PM	https://www.bandsintown.com/e/1037627380-bruno-mars-at-northwest-stadium
Lisa Fischer	Ms. Lisa Fischer and Grand Baton	May 02 - 8:30 PM	https://www.bandsintown.com/e/1037600474-lisa-fischer-at-keystone-korner-baltimore
Bruno Mars	Northwest Stadium	May 03 - 7:00 PM	https://www.bandsintown.com/e/1037696857-bruno-mars-at-northwest-stadium
Lisa Fischer	Ms. Lisa Fischer & Grand Baton	May 03 - 7:30 PM	https://www.bandsintown.com/e/107791053-lisa-fischer-at-birchmere
Alastair Greene	Capital One Hall	May 05 - 7:30 PM	https://www.bandsintown.com/e/107872540-alastair-greene-at-capital-one-hall
Al Di Meola	Birchmere	May 05 - 7:30 PM	https://www.bandsintown.com/e/1037980048-al-di-meola-at-birchmere
Valerie June	Joseph Meyerhoff Symphony Hall	May 05 - 8:00 PM	https://www.bandsintown.com/e/1038021692-valerie-june-at-joseph-meyerhoff-symphony-hall
Matt Andersen	Rams Head Tavern	May 06 - 7:00 PM	https://www.bandsintown.com/e/107716933-matt-andersen-at-rams-head-tavern
Colin James	Rams Head On Stage	May 06 - 8:00 PM	https://www.bandsintown.com/e/107685616-colin-james-at-rams-head-on-stage
Vanessa Collier	The Collective - Offshore & Encore	May 08 - 7:00 PM	https://www.bandsintown.com/e/1038035463-vanessa-collier-at-the-collective-offshore-and-encore
Trey Songz	The Anthem	May 08 - 8:00 PM	https://www.bandsintown.com/e/1038268828-trey-songz-at-the-anthem
Vanessa Collier	The Collective - Offshore & Encore	May 09 - 7:00 PM	https://www.bandsintown.com/e/1038035321-vanessa-collier-at-the-collective-offshore-and-encore
Al Di Meola	Rams Head On Stage	May 09 - 8:30 PM	https://www.bandsintown.com/e/1038044398-al-di-meola-at-rams-head-on-stage
CMAT	9:30 Club	May 10 - 7:00 PM	https://www.bandsintown.com/e/107549143-cmat-at-9:30-club
Bahamas	Lincoln Theatre	May 10 - 8:00 PM	https://www.bandsintown.com/e/107655869-bahamas-at-lincoln-theatre
Courtney Barnett	Creature of Habit Tour	May 10 - 8:00 PM	https://www.bandsintown.com/e/107823212-courtney-barnett-at-the-anthem
Black Label Society	The Fillmore Silver Spring	May 11 - 7:00 PM	https://www.bandsintown.com/e/107580431-black-label-society-at-the-fillmore-silver-spring
Bill Callahan	Union Stage	May 11 - 8:00 PM	https://www.bandsintown.com/e/1038069969-bill-callahan-at-union-stage
Paul Gilbert	Rams Head On Stage	May 12 - 7:00 PM	https://www.bandsintown.com/e/107802722-paul-gilbert-at-rams-head-on-stage
Greg Koch	support for Paul Gilbert	May 12 - 8:00 PM	https://www.bandsintown.com/e/107811919-greg-koch-at-rams-head-on-stage
Paul Gilbert	Tally Ho Theater	May 13 - 7:00 PM	https://www.bandsintown.com/e/107802724-paul-gilbert-at-tally-ho-theater
Greg Koch	support for Paul Gilbert	May 13 - 8:00 PM	https://www.bandsintown.com/e/107811926-greg-koch-at-tally-ho-theater
Iron & Wine	9:30 Club	May 14 - 7:00 PM	https://www.bandsintown.com/e/1037408419-iron-and-wine-at-9:30-club
The Lone Bellow	Birchmere	May 14 - 7:00 PM	https://www.bandsintown.com/e/108001435-the-lone-bellow-at-birchmere
Shayfer James	Pearl Street Warehouse	May 15 - 7:00 PM	https://www.bandsintown.com/e/107884027-shayfer-james-at-pearl-street-warehouse
Kitchen Dwellers	Music City Bluegrass & Roots Festival 2026	May 16 - 12:00 PM	https://www.bandsintown.com/e/107781827-kitchen-dwellers-at-caa-park
The Lone Bellow	Rams Head On Stage	May 16 - 8:00 PM	https://www.bandsintown.com/e/1038116422-the-lone-bellow-at-rams-head-on-stage
Marcus Miller	Birchmere	May 22 - 7:30 PM	https://www.bandsintown.com/e/1036985314-marcus-miller-at-birchmere
Sting	Filene Center at Wolf Trap	May 22 - 8:00 PM	https://www.bandsintown.com/e/107548112-sting-at-filene-center-at-wolf-trap
The Roots	Artscape Festival 2026	May 23 - 7:00 PM	https://www.bandsintown.com/e/108022605-the-roots-at-artscape
Marcus Miller	Birchmere	May 23 - 7:30 PM	https://www.bandsintown.com/e/1036983237-marcus-miller-at-birchmere
Marcus Miller	Rams Head On Stage	May 24 - 5:00 PM	https://www.bandsintown.com/e/107995700-marcus-miller-at-rams-head-on-stage
Marcus Miller	Rams Head On Stage	May 24 - 8:00 PM	https://www.bandsintown.com/e/1036973335-marcus-miller-at-rams-head-on-stage
Lucinda Williams	9:30 Club	May 25 - 7:00 PM	https://www.bandsintown.com/e/1038393331-lucinda-williams-at-9:30-club
Steve Earle	Birchmere	May 26 - 6:00 PM	https://www.bandsintown.com/e/107958902-steve-earle-at-birchmere
Lucinda Williams	9:30 Club	May 26 - 7:00 PM	https://www.bandsintown.com/e/1038392889-lucinda-williams-at-9:30-club
The Wildmans	Union Stage	May 26 - 8:00 PM	https://www.bandsintown.com/e/1038553224-the-wildmans-at-union-stage
Bruce Springsteen	Nationals Park	May 27 - 8:00 PM	https://www.bandsintown.com/e/1038052179-bruce-springsteen-at-nationals-park
Carbon Leaf	Annapolis Irish Festival	May 29 - 7:00 PM	https://www.bandsintown.com/e/107791835-carbon-leaf-at-anne-arundel-county-fairgrounds
Scythian	Annapolis Irish Festival	May 30 - 12:00 PM	https://www.bandsintown.com/e/108135205-scythian-at-anne-arundel-county-fairgrounds
Gaelic Storm	Annapolis Irish Festival 2026	May 30 - 7:00 PM	https://www.bandsintown.com/e/107867251-gaelic-storm-at-anne-arundel-county-fairgrounds
Lyle Lovett	Birchmere	May 30 - 7:30 PM	https://www.bandsintown.com/e/1038392367-lyle-lovett-at-birchmere
Steve Vai	SatchVai Band feat. Joe Satriani & Steve Vai @ Wolf Trap Foundation for the Performing Arts	May 30 - 7:30 PM	https://www.bandsintown.com/e/107675793-steve-vai-at-wolf-trap-foundation-for-the-performing-arts
Joe Satriani	SatchVai Band feat. Joe Satriani & Steve Vai @ Wolf Trap Foundation for the Performing Arts	May 30 - 8:00 PM	https://www.bandsintown.com/e/107675525-joe-satriani-at-wolf-trap-foundation-for-the-performing-arts
Khalid	The Anthem	May 31 - 7:00 PM	https://www.bandsintown.com/e/107670272-khalid-at-the-anthem
Lyle Lovett	Birchmere	May 31 - 7:30 PM	https://www.bandsintown.com/e/1038392479-lyle-lovett-at-birchmere
Marcus King	The Anthem	Jun 03 - 8:00 PM	https://www.bandsintown.com/e/1038272272-marcus-king-at-the-anthem
Jackie Venson	New Spire Arts Stages	Jun 04 - 7:30 PM	https://www.bandsintown.com/e/107701695-jackie-venson-at-new-spire-arts-stages
Anthony Gomes	Tally Ho Theater	Jun 05 - 8:00 PM	https://www.bandsintown.com/e/108068071-anthony-gomes-at-tally-ho-theater
Gary Clark Jr.	Filene Center at Wolf Trap	Jun 06 - 7:00 PM	https://www.bandsintown.com/e/107928937-gary-clark-jr.-at-filene-center-at-wolf-trap
Christone "KINGFISH" Ingram	Filene Center at Wolf Trap	Jun 06 - 7:30 PM	https://www.bandsintown.com/e/107929540-christone-%22kingfish%22-ingram-at-filene-center-at-wolf-trap
5 Seconds Of Summer	CFG Bank Arena	Jun 07 - 8:00 PM	https://www.bandsintown.com/e/1036942386-5-seconds-of-summer-at-cfg-bank-arena
Emmylou Harris	Wolf Trap - A Songwriter's Celebration of John Prine	Jun 09 - 7:30 AM	https://www.bandsintown.com/e/107909891-emmylou-harris-at-filene-center-at-wolf-trap
Aoife O'Donovan	Songwriters Celebrate John Prine	Jun 09 - 7:00 PM	https://www.bandsintown.com/e/107916706-aoife-o'donovan-at-filene-center-at-wolf-trap
John Prine	Songwriters Celebrate John Prine	Jun 09 - 7:00 PM	https://www.bandsintown.com/e/107917142-john-prine-at-filene-center-at-wolf-trap
Patty Griffin	Songwriters Celebrate John Prine	Jun 09 - 7:00 PM	https://www.bandsintown.com/e/107927834-patty-griffin-at-filene-center-at-wolf-trap
I'm With Her	A Songwriter's Celebration of John Prine	Jun 09 - 7:30 PM	https://www.bandsintown.com/e/107927133-i'm-with-her-at-the-barns-at-wolf-trap
Orianthi	Rams Head On Stage	Jun 11 - 8:00 PM	https://www.bandsintown.com/e/1038457417-orianthi-at-rams-head-on-stage
Shakey Graves	Plaza Stage at Nationals Park	Jun 11 - 8:00 PM	https://www.bandsintown.com/e/108027313-shakey-graves-at-plaza-stage-at-nationals-park
Jill Scott	Theater at MGM National Harbor	Jun 11 - 8:00 PM	https://www.bandsintown.com/e/108048275-jill-scott-at-theater-at-mgm-national-harbor
Young the Giant	Filene Center at Wolf Trap	Jun 12 - 7:00 AM	https://www.bandsintown.com/e/1037976678-young-the-giant-at-filene-center-at-wolf-trap
Greensky Bluegrass	9:30 Club	Jun 12 - 7:00 PM	https://www.bandsintown.com/e/107964681-greensky-bluegrass-at-9:30-club
Amythyst Kiah	Creative Alliance	Jun 12 - 7:30 PM	https://www.bandsintown.com/e/107509162-amythyst-kiah-at-creative-alliance
Deer Tick	The Atlantis	Jun 12 - 8:00 PM	https://www.bandsintown.com/e/108065219-deer-tick-at-the-atlantis
Kevin Morby	Lincoln Theatre	Jun 12 - 8:00 PM	https://www.bandsintown.com/e/1037992455-kevin-morby-at-lincoln-theatre
The Wood Brothers	All Good Now 2026	Jun 13 - 12:00 PM	https://www.bandsintown.com/e/1038103841-the-wood-brothers-at-merriweather-post-pavilion
Dave Matthews Band	Jiffy Lube Live	Jun 13 - 7:30 PM	https://www.bandsintown.com/e/1037825781-dave-matthews-band-at-jiffy-lube-live
Jill Scott	Theater at MGM National Harbor	Jun 13 - 8:00 PM	https://www.bandsintown.com/e/108048286-jill-scott-at-theater-at-mgm-national-harbor
Ryan Bingham	Lincoln Theatre	Jun 13 - 8:00 PM	https://www.bandsintown.com/e/1038053144-ryan-bingham-at-lincoln-theatre
Jill Scott	Theater at MGM National Harbor	Jun 14 - 8:00 PM	https://www.bandsintown.com/e/108048279-jill-scott-at-theater-at-mgm-national-harbor
The Avett Brothers	Chesapeake Employers Insurance Arena	Jun 14 - 8:00 PM	https://www.bandsintown.com/e/1037161635-the-avett-brothers-at-chesapeake-employers-insurance-arena
The Black Crowes	Merriweather Post Pavilion	Jun 16 - 6:30 PM	https://www.bandsintown.com/e/1037844555-the-black-crowes-at-merriweather-post-pavilion
Whiskey Myers	Merriweather Post Pavilion	Jun 16 - 7:00 PM	https://www.bandsintown.com/e/107870761-whiskey-myers-at-merriweather-post-pavilion
Umphrey's McGee	Nevermore Hall	Jun 17 - 6:00 PM	https://www.bandsintown.com/e/108053171-umphrey's-mcgee-at-nevermore-hall
moe.	moe.mentUM Tour: moe. & Umphrey's McGee	Jun 17 - 7:00 PM	https://www.bandsintown.com/e/108095241-moe.-at-nevermore-hall
Kinga Głyk	Kinga Głyk	Jun 18 - 7:00 PM	https://www.bandsintown.com/e/108187792-kinga-glyk-at-keystone-korner-baltimore
Wilco	Filene Center at Wolf Trap	Jun 18 - 8:00 PM	https://www.bandsintown.com/e/1038209772-wilco-at-filene-center-at-wolf-trap
Mumford & Sons	Jiffy Lube Live	Jun 19 - 7:00 PM	https://www.bandsintown.com/e/107983534-mumford-and-sons-at-jiffy-lube-live
Wolfmother	9:30 Club	Jun 19 - 8:00 PM	https://www.bandsintown.com/e/107546028-wolfmother-at-9:30-club
Albert Castiglia Band	Bill Murray & His Blood Brothers	Jun 20 - 8:00 PM	https://www.bandsintown.com/e/107941903-albert-castiglia-band-at-warner-theatre
Bill Murray and His Blood Brothers	Warner Theatre	Jun 20 - 8:00 PM	https://www.bandsintown.com/e/1037999274-bill-murray-and-his-blood-brothers-at-warner-theatre
Mike Zito	Bill Murray & His Blood Brothers	Jun 20 - 8:00 PM	https://www.bandsintown.com/e/107941977-mike-zito-at-warner-theatre
Jill Scott	Theater at MGM National Harbor	Jun 23 - 8:00 PM	https://www.bandsintown.com/e/108073850-jill-scott-at-theater-at-mgm-national-harbor
Ally the Piper	Union Stage	Jun 23 - 8:00 PM	https://www.bandsintown.com/e/1038059404-ally-the-piper-at-union-stage
Maggie Rose	Filene Center at Wolf Trap	Jun 24 - 6:00 PM	https://www.bandsintown.com/e/108179919-maggie-rose-at-filene-center-at-wolf-trap
The Doobie Brothers	Jiffy Lube Live	Jun 24 - 7:00 PM	https://www.bandsintown.com/e/107952263-the-doobie-brothers-at-jiffy-lube-live
Maggie Rose	Melissa Etheridge Wynonna Judd Raised on Radio Tour w/ Maggie Rose	Jun 24 - 7:30 PM	https://www.bandsintown.com/e/1038140455-maggie-rose-at-filene-center-at-wolf-trap
Circles Around The Sun	Circles Around The Sun w/ The Wildmans	Jun 25 - 6:30 PM	https://www.bandsintown.com/e/1038286502-circles-around-the-sun-at-the-atlantis
The Wildmans	The Atlantis	Jun 25 - 6:30 PM	https://www.bandsintown.com/e/1038317614-the-wildmans-at-the-atlantis
St. Vincent	Filene Center at Wolf Trap	Jun 25 - 8:00 PM	https://www.bandsintown.com/e/107932566-st.-vincent-at-filene-center-at-wolf-trap
Hermanos Gutierrez	Merriweather Post Pavilion	Jun 26 - 7:00 PM	https://www.bandsintown.com/e/107560641-hermanos-gutierrez-at-merriweather-post-pavilion
Jack Johnson	Merriweather Post Pavilion	Jun 26 - 7:30 PM	https://www.bandsintown.com/e/1037089256-jack-johnson-at-merriweather-post-pavilion
Goose (USA)	Merriweather Post Pavilion	Jun 28 - 7:00 PM	https://www.bandsintown.com/e/107849766-goose-(usa)-at-merriweather-post-pavilion
Daniel Donato	Filene Center at Wolf Trap	Jul 01 - 7:00 PM	https://www.bandsintown.com/e/1037976808-daniel-donato-at-filene-center-at-wolf-trap
Molly Tuttle	Wolf Trap - Molly Tuttle & Daniel Donato's Cosmic Country	Jul 01 - 7:00 PM	https://www.bandsintown.com/e/107928897-molly-tuttle-at-filene-center-at-wolf-trap
Allison Russell	Sarah McLachlan: Better Broken Tour with Allison Russell	Jul 05 - 7:00 PM	https://www.bandsintown.com/e/107942191-allison-russell-at-filene-center-at-wolf-trap
Shakira	CFG Bank Arena	Jul 06 - 8:00 PM	https://www.bandsintown.com/e/108173665-shakira-at-cfg-bank-arena
Shovels & Rope	Rams Head On Stage	Jul 10 - 8:00 PM	https://www.bandsintown.com/e/1038276559-shovels-and-rope-at-rams-head-on-stage
Shovels & Rope	Birchmere	Jul 11 - 7:30 PM	https://www.bandsintown.com/e/1038286364-shovels-and-rope-at-birchmere
Taj Mahal	Birchmere	Jul 12 - 7:30 PM	https://www.bandsintown.com/e/1038392346-taj-mahal-at-birchmere
Alison Krauss	Arcadia 2026 Tour	Jul 16 - 7:00 PM	https://www.bandsintown.com/e/107667025-alison-krauss-at-filene-center-at-wolf-trap
Robert Jon & the Wreck	The Hamilton Live	Jul 16 - 8:00 PM	https://www.bandsintown.com/e/107960679-robert-jon-and-the-wreck-at-the-hamilton-live
Alison Krauss	Arcadia 2026 Tour	Jul 17 - 7:00 PM	https://www.bandsintown.com/e/107667019-alison-krauss-at-filene-center-at-wolf-trap
Train	Drops of Jupiter: 25 Years in the Atmosphere	Jul 17 - 7:00 PM	https://www.bandsintown.com/e/107566999-train-at-merriweather-post-pavilion
Trombone Shorty & Orleans Avenue	Filene Center at Wolf Trap	Jul 18 - 7:00 PM	https://www.bandsintown.com/e/1037977205-trombone-shorty-and-orleans-avenue-at-filene-center-at-wolf-trap
Phish	Merriweather Post Pavilion	Jul 18 - 7:00 PM	https://www.bandsintown.com/e/1038071189-phish-at-merriweather-post-pavilion
Mavis Staples	Filene Center at Wolf Trap	Jul 18 - 7:00 PM	https://www.bandsintown.com/e/1037977218-mavis-staples-at-filene-center-at-wolf-trap
Tame Impala	CFG Bank Arena	Jul 18 - 7:00 PM	https://www.bandsintown.com/e/1038006630-tame-impala-at-cfg-bank-arena
Phish	Merriweather Post Pavilion	Jul 19 - 7:00 PM	https://www.bandsintown.com/e/1038071574-phish-at-merriweather-post-pavilion
Tame Impala	CFG Bank Arena	Jul 19 - 7:00 PM	https://www.bandsintown.com/e/1038006711-tame-impala-at-cfg-bank-arena
Trampled by Turtles	Trampled By Turtles + Richy Mitch & the Coal Miners in Baltimore	Jul 20 - 7:00 PM	https://www.bandsintown.com/e/107893111-trampled-by-turtles-at-pier-six-pavilion
Mikaela Davis	Songbyrd Music House	Jul 20 - 7:00 PM	https://www.bandsintown.com/e/107983307-mikaela-davis-at-songbyrd-music-house
Japanese Breakfast	Merriweather Post Pavilion	Jul 21 - 7:00 PM	https://www.bandsintown.com/e/107849033-japanese-breakfast-at-merriweather-post-pavilion
Death Cab for Cutie	Merriweather Post Pavilion	Jul 21 - 7:00 PM	https://www.bandsintown.com/e/107846464-death-cab-for-cutie-at-merriweather-post-pavilion
Noah Kahan	Nationals Park	Jul 22 - 6:30 PM	https://www.bandsintown.com/e/107891844-noah-kahan-at-nationals-park
Tori Amos	Filene Center at Wolf Trap	Jul 22 - 8:00 PM	https://www.bandsintown.com/e/1037745218-tori-amos-at-filene-center-at-wolf-trap
The Seldom Scene	Hunter Mill Melodies at Frying Pan Farm Park	Jul 23 - 7:00 PM	https://www.bandsintown.com/e/108170646-the-seldom-scene-at-frying-pan-park-virginia
Jimmie Vaughan	Filene Center at Wolf Trap	Jul 24 - 7:00 PM	https://www.bandsintown.com/e/1038447888-jimmie-vaughan-at-filene-center-at-wolf-trap
Lynyrd Skynyrd	Jiffy Lube Live	Jul 25 - 7:00 PM	https://www.bandsintown.com/e/107596608-lynyrd-skynyrd-at-jiffy-lube-live
Jimmie Vaughan	Filene Center at Wolf Trap	Jul 25 - 7:00 PM	https://www.bandsintown.com/e/1038447948-jimmie-vaughan-at-filene-center-at-wolf-trap
Stephen Wilson Jr	Pier Six Pavilion	Jul 25 - 7:00 PM	https://www.bandsintown.com/e/108092774-stephen-wilson-jr-at-pier-six-pavilion
Caamp	Merriweather Post Pavilion	Jul 25 - 7:00 PM	https://www.bandsintown.com/e/107952284-caamp-at-merriweather-post-pavilion
The Lone Bellow	Pier Six Pavilion	Jul 25 - 7:00 PM	https://www.bandsintown.com/e/108094855-the-lone-bellow-at-pier-six-pavilion
The Head And The Heart	Filene Center at Wolf Trap	Jul 26 - 8:00 PM	https://www.bandsintown.com/e/107932314-the-head-and-the-heart-at-filene-center-at-wolf-trap
Herbie Hancock	Joseph Meyerhoff Symphony Hall	Jul 28 - 7:00 PM	https://www.bandsintown.com/e/108069948-herbie-hancock-at-joseph-meyerhoff-symphony-hall
Faye Webster	CFG Bank Arena	Jul 28 - 7:00 PM	https://www.bandsintown.com/e/108173443-faye-webster-at-cfg-bank-arena
Gov't Mule	Filene Center at Wolf Trap	Jul 29 - 7:30 PM	https://www.bandsintown.com/e/1037373891-gov't-mule-at-filene-center-at-wolf-trap
Joe Bonamassa	Filene Center at Wolf Trap	Jul 29 - 7:30 PM	https://www.bandsintown.com/e/107622873-joe-bonamassa-at-filene-center-at-wolf-trap
Patty Griffin	JASON ISBELL + PATTY GRIFFIN	Jul 30 - 6:00 PM	https://www.bandsintown.com/e/107524912-patty-griffin-at-filene-center-at-wolf-trap
The Revivalists	Merriweather Post Pavilion	Jul 30 - 6:30 PM	https://www.bandsintown.com/e/1038091743-the-revivalists-at-merriweather-post-pavilion
Jason Isbell	Filene Center at Wolf Trap	Jul 30 - 7:00 PM	https://www.bandsintown.com/e/107526119-jason-isbell-at-filene-center-at-wolf-trap
The Red Clay Strays	Merriweather Post Pavilion	Jul 30 - 9:00 PM	https://www.bandsintown.com/e/107979248-the-red-clay-strays-at-merriweather-post-pavilion
Keller Williams	The Hamilton Live	Jul 31 - 6:30 PM	https://www.bandsintown.com/e/108033001-keller-williams-at-the-hamilton-live
Lord Huron	The Anthem	Aug 02 - 8:00 PM	https://www.bandsintown.com/e/1038468104-lord-huron-at-the-anthem
Lake Street Dive	Pier Six Pavilion	Aug 04 - 7:00 PM	https://www.bandsintown.com/e/107928569-lake-street-dive-at-pier-six-pavilion
The DIP	Pier Six Pavilion	Aug 04 - 8:00 PM	https://www.bandsintown.com/e/107928643-the-dip-at-pier-six-pavilion
Gov't Mule	Pier Six Pavilion	Aug 08 - 7:00 PM	https://www.bandsintown.com/e/1037377853-gov't-mule-at-pier-six-pavilion
Joe Bonamassa	Pier Six Pavilion	Aug 08 - 7:00 PM	https://www.bandsintown.com/e/107623014-joe-bonamassa-at-pier-six-pavilion
KALEO	The Anthem	Aug 08 - 8:00 PM	https://www.bandsintown.com/e/107826766-kaleo-at-the-anthem
Olivia Dean	CFG Bank Arena	Aug 12 - 8:00 PM	https://www.bandsintown.com/e/1037160020-olivia-dean-at-cfg-bank-arena
Southern Avenue	Rams Head On Stage	Aug 12 - 8:00 PM	https://www.bandsintown.com/e/1038535944-southern-avenue-at-rams-head-on-stage
Thomas Rhett	Merriweather Post Pavilion	Aug 13 - 5:00 PM	https://www.bandsintown.com/e/108047461-thomas-rhett-at-merriweather-post-pavilion
The Seldom Scene	Nottoway Nights	Aug 13 - 7:00 PM	https://www.bandsintown.com/e/108170706-the-seldom-scene-at-nottoway-park
Zac Brown Band	Merriweather Post Pavilion	Aug 15 - 7:00 PM	https://www.bandsintown.com/e/107858431-zac-brown-band-at-merriweather-post-pavilion
Old Crow Medicine Show	Zac Brown Band: Love and Fear Tour	Aug 15 - 7:00 PM	https://www.bandsintown.com/e/107849116-old-crow-medicine-show-at-merriweather-post-pavilion
Queens of the Stone Age	Nationals Park	Aug 17 - 7:00 PM	https://www.bandsintown.com/e/107506344-queens-of-the-stone-age-at-nationals-park
Foo Fighters	Nationals Park	Aug 17 - 7:00 PM	https://www.bandsintown.com/e/107506069-foo-fighters-at-nationals-park
The Record Company	Rams Head On Stage	Aug 17 - 7:00 PM	https://www.bandsintown.com/e/108099369-the-record-company-at-rams-head-on-stage
Modest Mouse	Nationals Park	Aug 18 - 7:00 PM	https://www.bandsintown.com/e/107392952-modest-mouse-at-nationals-park
Pitbull	Jiffy Lube Live	Aug 19 - 8:00 PM	https://www.bandsintown.com/e/1037705000-pitbull-at-jiffy-lube-live
Eric Gales	Hot August Music Festival 2026	Aug 21 - 12:00 PM	https://www.bandsintown.com/e/108131644-eric-gales-at-oregon-ridge-park
Robert Earl Keen	Birchmere	Aug 21 - 7:30 PM	https://www.bandsintown.com/e/1038468649-robert-earl-keen-at-birchmere
Jon Batiste	Filene Center at Wolf Trap	Aug 21 - 8:00 PM	https://www.bandsintown.com/e/1037976750-jon-batiste-at-filene-center-at-wolf-trap
Robert Earl Keen	Birchmere	Aug 22 - 7:30 PM	https://www.bandsintown.com/e/1038468749-robert-earl-keen-at-birchmere
Robert Earl Keen	Birchmere	Aug 23 - 7:30 PM	https://www.bandsintown.com/e/1038468302-robert-earl-keen-at-birchmere
Gregory Alan Isakov	Filene Center at Wolf Trap	Aug 26 - 8:00 PM	https://www.bandsintown.com/e/107932351-gregory-alan-isakov-at-filene-center-at-wolf-trap
Ariel Posen	The Hamilton Live	Aug 28 - 7:00 PM	https://www.bandsintown.com/e/108146099-ariel-posen-at-the-hamilton-live
Tedeschi Trucks Band	Wolf Trap	Aug 28 - 7:00 PM	https://www.bandsintown.com/e/107838714-tedeschi-trucks-band-at-wolf-trap
Arlo Parks	Howard Theatre	Aug 29 - 7:00 PM	https://www.bandsintown.com/e/108061965-arlo-parks-at-howard-theatre
Tedeschi Trucks Band	Wolf Trap	Aug 29 - 7:00 PM	https://www.bandsintown.com/e/107838708-tedeschi-trucks-band-at-wolf-trap
Social Distortion	Social Distortion - Born To Kill World Tour	Sep 04 - 6:00 PM	https://www.bandsintown.com/e/107996081-social-distortion-at-the-anthem
Jerry Garcia Symphonic Celebration	Jerry Garcia Symphonic Celebration with the National Symphony Orchestra	Sep 04 - 7:00 PM	https://www.bandsintown.com/e/108061356-jerry-garcia-symphonic-celebration-at-filene-center-at-wolf-trap
Megadeth	Jiffy Lube Live	Sep 11 - 7:15 PM	https://www.bandsintown.com/e/1036940695-megadeth-at-jiffy-lube-live
Iron Maiden	Jiffy Lube Live	Sep 11 - 7:15 PM	https://www.bandsintown.com/e/1036940884-iron-maiden-at-jiffy-lube-live
Ray LaMontagne	Filene Center at Wolf Trap	Sep 13 - 7:00 PM	https://www.bandsintown.com/e/107107133-ray-lamontagne-at-filene-center-at-wolf-trap
Apes of the State	Black Cat	Sep 16 - 7:30 PM	https://www.bandsintown.com/e/1038485386-apes-of-the-state-at-black-cat
Thee Sacred Souls	Filene Center at Wolf Trap	Sep 17 - 7:00 PM	https://www.bandsintown.com/e/107932692-thee-sacred-souls-at-filene-center-at-wolf-trap
Thee Sacred Souls	The Constellation Tour: Thee Sacred Souls, LA LOM & The Womack Sisters	Sep 17 - 7:00 PM	https://www.bandsintown.com/e/107962508-thee-sacred-souls-at-filene-center-at-wolf-trap
Pat Metheny	The Music Center at Strathmore	Sep 17 - 8:00 PM	https://www.bandsintown.com/e/1037769316-pat-metheny-at-the-music-center-at-strathmore
Secret Sisters	Birchmere	Sep 18 - 7:30 PM	https://www.bandsintown.com/e/108180015-secret-sisters-at-birchmere
The Avett Brothers	Filene Center at Wolf Trap	Sep 18 - 7:30 PM	https://www.bandsintown.com/e/108148022-the-avett-brothers-at-filene-center-at-wolf-trap
Mt. Joy	Merriweather Post Pavilion	Sep 18 - 8:00 PM	https://www.bandsintown.com/e/1037307411-mt.-joy-at-merriweather-post-pavilion
The Roots	The Theater at MGM National Harbor	Sep 18 - 8:00 PM	https://www.bandsintown.com/e/1038453093-the-roots-at-the-theater-at-mgm-national-harbor
Little Feat	Annapolis Baygrass Festival 2026	Sep 19 - 7:00 PM	https://www.bandsintown.com/e/107971991-little-feat-at-sandy-point-state-park
The Avett Brothers	Filene Center at Wolf Trap	Sep 19 - 7:30 PM	https://www.bandsintown.com/e/1037976847-the-avett-brothers-at-filene-center-at-wolf-trap
Scythian	Annapolis Baygrass Music Festival	Sep 20 - 12:00 PM	https://www.bandsintown.com/e/108135297-scythian-at-annapolis-baygrass-music-festival
Erykah Badu	Filene Center at Wolf Trap	Sep 20 - 7:30 PM	https://www.bandsintown.com/e/1038448133-erykah-badu-at-filene-center-at-wolf-trap
Thee Sacred Souls	The Constellation Tour: Thee Sacred Souls, LA LOM & The Womack Sisters	Sep 22 - 7:00 PM	https://www.bandsintown.com/e/107962499-thee-sacred-souls-at-pier-six-pavilion
The Bros. Landreth	Music School At Jammin Java	Sep 26 - 7:00 PM	https://www.bandsintown.com/e/107978712-the-bros.-landreth-at-music-school-at-jammin-java
Joey Landreth	The Bros. Landreth @ Jammin' Java	Sep 26 - 7:00 PM	https://www.bandsintown.com/e/107978754-joey-landreth-at-jammin-java
Jacob Collier	The Music Center at Strathmore	Sep 28 - 7:00 PM	https://www.bandsintown.com/e/108081328-jacob-collier-at-the-music-center-at-strathmore
The Shins	Capital One Arena	Oct 02 - 6:00 PM	https://www.bandsintown.com/e/108156240-the-shins-at-capital-one-arena
Weezer	Capital One Arena	Oct 02 - 7:00 PM	https://www.bandsintown.com/e/108134875-weezer-at-capital-one-arena
Chris Stapleton	Jiffy Lube Live	Oct 02 - 7:30 PM	https://www.bandsintown.com/e/1037626559-chris-stapleton-at-jiffy-lube-live
Two Door Cinema Club	The Anthem	Oct 11 - 6:00 PM	https://www.bandsintown.com/e/108079783-two-door-cinema-club-at-the-anthem
Benjamin Tod	Howard Theatre	Oct 16 - 7:00 PM	https://www.bandsintown.com/e/107546470-benjamin-tod-at-howard-theatre
Sturgill Simpson	Capital One Arena	Oct 18 - 8:00 PM	https://www.bandsintown.com/e/1038564516-sturgill-simpson-at-capital-one-arena
Jesse Welles	The Anthem	Oct 21 - 8:00 PM	https://www.bandsintown.com/e/1038422016-jesse-welles-at-the-anthem
Cody Jinks	Jiffy Lube Live	Oct 23 - 7:00 PM	https://www.bandsintown.com/e/107798799-cody-jinks-at-jiffy-lube-live
Mike Dawes	Annapolis, MD - Rescheduled Date	Oct 27 - 8:00 PM	https://www.bandsintown.com/e/107486045-mike-dawes-at-rams-head-on-stage
Billy Strings	CFG Bank Arena	Oct 30 - 7:30 PM	https://www.bandsintown.com/e/1038548451-billy-strings-at-cfg-bank-arena
Mike Dawes	Vienna, VA - Rescheduled Date	Oct 30 - 8:00 PM	https://www.bandsintown.com/e/1037848338-mike-dawes-at-music-school-at-jammin-java
Billy Strings	CFG Bank Arena	Oct 31 - 7:30 PM	https://www.bandsintown.com/e/1038541419-billy-strings-at-cfg-bank-arena
Hiss Golden Messenger	9:30 Club	Nov 07 - 8:00 PM	https://www.bandsintown.com/e/107936541-hiss-golden-messenger-at-9:30-club
Sammy Rae & The Friends	9:30 Club	Nov 12 - 7:30 PM	https://www.bandsintown.com/e/108131346-sammy-rae-and-the-friends-at-9:30-club
Fruit Bats	9:30 Club	Nov 14 - 8:00 PM	https://www.bandsintown.com/e/108126671-fruit-bats-at-9:30-club
