Show Date	Artist	Supporting Acts	Venue	Setlist.fm URL	Playlist URL	Match Type	YT Title	Notes / Memories
2021-07-11	Oliver Wood		The Patio Stage at Strathmore, North Bethesda, MD, USA	https://www.setlist.fm/setlist/oliver-wood/2021/the-patio-stage-at-strathmore-north-bethesda-md-2ba73086.html		2 video(s) found	Oliver Wood LIVE - Postcards from Hell  (bootleg) | Oliver Wood LIVE - One More Day (bootleg)	
2021-09-23	The Avett Brothers		Wolf Trap Farm Park (Filene Center), Vienna, VA, USA	https://www.setlist.fm/setlist/the-avett-brothers/2021/wolf-trap-farm-park-filene-center-vienna-va-638dbec7.html		No match		
2021-09-24	Kingsley Flood		Pearl Street Warehouse, Washington, DC, USA	https://www.setlist.fm/setlist/kingsley-flood/2021/pearl-street-warehouse-washington-dc-3ba730dc.html		No match		
2021-10-16	Larkin Poe		The Recher, Towson, MD, USA	https://www.setlist.fm/setlist/larkin-poe/2021/the-recher-towson-md-438d1363.html	https://www.youtube.com/playlist?list=PLJ7S-K0cjvGK28bYHf1SaivuMW6_vbtb4	Playlist (includes fan videos)		
2021-10-22	Rival Sons		9:30 Club, Washington, DC, USA	https://www.setlist.fm/setlist/rival-sons/2021/930-club-washington-dc-138d6965.html		No match		
2021-11-18	"Christone ""Kingfish"" Ingram"	Ally Venable Band	Sixth & I Historic Synagogue, Washington, DC, USA	https://www.setlist.fm/setlist/ally-venable-band/2021/sixth-and-i-historic-synagogue-washington-dc-138a0505.html		No match		
2022-01-21	Keb' Mo'		The Birchmere, Alexandria, VA, USA	https://www.setlist.fm/setlist/keb-mo/2022/the-birchmere-alexandria-va-23a7300f.html		No match		
2022-01-28	Lucky Chops		Union Stage, Washington, DC, USA	https://www.setlist.fm/setlist/lucky-chops/2022/union-stage-washington-dc-388d13f.html		No match		
2022-02-18	Tedeschi Trucks Band		Warner Theatre, Washington, DC, USA	https://www.setlist.fm/setlist/tedeschi-trucks-band/2022/warner-theatre-washington-dc-538877c1.html		No match		
2022-02-27	Lyle Lovett		The Birchmere, Alexandria, VA, USA	https://www.setlist.fm/setlist/lyle-lovett/2022/the-birchmere-alexandria-va-5389afd5.html		No match		
2022-04-26	Daniel Donato		Jammin Java, Vienna, VA, USA	https://www.setlist.fm/setlist/daniel-donato/2022/jammin-java-vienna-va-23a730c3.html		1 video(s) found	Daniel Donato  & Cosmic Country - Dig a Hole in the Meadow (bootleg)	
2022-07-16	Daniel Donato		Pearl Street Warehouse, Washington, DC, USA	https://www.setlist.fm/setlist/daniel-donato/2022/pearl-street-warehouse-washington-dc-53b29329.html		No match		
2022-08-16	Roger Waters		Capital One Arena, Washington, DC, USA	https://www.setlist.fm/setlist/roger-waters/2022/capital-one-arena-washington-dc-43b3e31f.html		No match		
2022-09-17	Willie Nelson	The Avett Brothers / Zach Bryan / Larkin Poe / Brittney Spencer	Outlaw Music Festival 2022	https://www.setlist.fm/setlist/willie-nelson/2022/merriweather-post-pavilion-columbia-md-4bb00396.html		3 video(s) found	Larkin Poe - I hope you feel stupid (end of Wanted Woman) bootleg | Larkin Poe - Self-Made Man (bootleg, partial) | Larkin Poe - Come on in my Kitchen (bootleg)	
2022-10-22	ZZ Top	Austin Meade	The Theater at MGM National Harbor, National Harbor, MD, USA	https://www.setlist.fm/setlist/zz-top/2022/the-theater-at-mgm-national-harbor-national-harbor-md-3beb9eb.html		No match		
2022-10-24	Violent Femmes	Alsarah & the Nubatones	9:30 Club, Washington, DC, USA	https://www.setlist.fm/setlist/violent-femmes/2022/930-club-washington-dc-3bea1b7.html		No match		
2022-10-27	Enter the Haggis		City Winery, Washington, DC, USA	https://www.setlist.fm/setlist/enter-the-haggis/2022/city-winery-washington-dc-2ba7309e.html		4 video(s) found	Enter the Haggis - Shangri-La (clip - bootleg) | Enter the Haggis - Dryden Mine (clip - bootleg) | Enter the Haggis - Letters (bootleg) | Enter the Haggis - Salvation (bootleg)	
2022-11-17	Tab Benoit	The Dirty Dozen Brass Band / Lightnin' Malcolm	The State Theatre, Falls Church, VA, USA	https://www.setlist.fm/setlist/tab-benoit/2022/the-state-theatre-falls-church-va-5bbfafe0.html		2 video(s) found	Tab Benoit - Muddy Bottom Blues (bootleg) | Dirty Dozen Brass Band - Talkin' bout do it (bootleg)	
2022-11-30	Kate Davis		Songbyrd Music House, Washington, DC, USA	https://www.setlist.fm/setlist/kate-davis/2022/songbyrd-music-house-washington-dc-4ba7334a.html	https://www.youtube.com/playlist?list=PLJ7S-K0cjvGLY-DcEWxAOKJUfpnxH0OjA	Playlist (31 videos, combined 3-show playlist)	Kate Davis - dd or ddr (bootleg, unreleased) | Kate Davis - Monster Mash (bootleg, unreleased) | Kate Davis - Long Long Long (bootleg, unreleased) | Kate Davis - Consequences (bootleg) | Kate Davis - Fish Bowl (bootleg) | Kate Davis - Why Do You Lie (bootleg) | Kate Davis - Over You (bootleg) | Kate Davis - Just Like Heaven (bootleg)	
2022-12-14	Ana Popović	Carly Harvey	Pearl Street Warehouse, Washington, DC, USA	https://www.setlist.fm/setlist/ana-popovi/2022/pearl-street-warehouse-washington-dc-bbc9dae.html		8 video(s) found	Ana Popovic - Hot Southern Night (bootleg) | Ana Popovic - Mo' Better Love (bootleg) | Ana Popovic "Till the Wheels Fall Off" - bootleg | Ana Popovic - Better Be Good  (bootleg) | Ana Popovic - Jelly Roll Blues (bootleg) | Ana Popovic - Hwy 49 (bootleg) | Ana Popovic - When I'm Done (bootleg) | Ana Popovic - Southern Man (bootleg)	
2022-12-16	They Might Be Giants		Lincoln Theatre, Washington, DC, USA	https://www.setlist.fm/setlist/they-might-be-giants/2022/lincoln-theatre-washington-dc-bbcf162.html	https://www.youtube.com/playlist?list=PLJ7S-K0cjvGL_4w7JPXDjdpVEyrdWMt7A	Playlist (14 videos)	They Might Be Giants LIVE - Istanbul (not Constantinople) CRAZY HORNS EDITION (bootleg) | They Might Be Giants - They Might Be Giants snippet (partial, bootleg) | They Might Be Giants - Synopsis for Latecomers (bootleg) | They Might Be Giants - Impossibly Compressed Chicago (bootleg) | They Might Be Giants - Ana Ng (bootleg) | They Might Be Giants - Particle Man (bootleg) | They Might Be Giants - New York City (bootleg) | They Might Be Giants - Minimum Wage (bootleg) | They Might Be Giants - Birdhouse in your Soul (bootleg) | They Might Be Giants - Dead (bootleg) | They Might Be Giants - Flood live in Concert (bootleg) | They Might Be Giants - Your Racist Friend (bootleg) | They Might Be Giants - Women and Men (bootleg) | They Might Be Giants - Road Movie to Berlin (bootleg)	
2022-12-29	The Pietasters		9:30 Club, Washington, DC, USA	https://www.setlist.fm/setlist/the-pietasters/2022/930-club-washington-dc-73bc2279.html	https://www.youtube.com/playlist?list=PLJ7S-K0cjvGLSUDeAzh0kWdohvVdRgXwU	Playlist (8 videos)	Pietasters - Freakshow (bootleg) | Pietasters - Something Better (bootleg) | Pietasters - Out all Night (bootleg) | Pietasters - Ease Up (bootleg) | Pietasters - The Hard Way (bootleg) | Pietasters - Irie Irie (bootleg) | Pietasters - Ode to a Ska Song (bootleg) | Pietasters - Make It Alright (bootleg)	
2022-12-31	George Clinton & Parliament-Funkadelic	MonoNeon / Blu Eye Extinction	9:30 Club, Washington, DC, USA	https://www.setlist.fm/setlist/george-clinton-and-parliament-funkadelic/2022/930-club-washington-dc-5bbc23c4.html		3 video(s) found	Parliament Funkadelic - Funkentelechy (bootleg) | George Clinton steps onstage to hype Blu Eye Extinction (partial, bootleg) | Parliament Funkadelic - Auld Lang Syne 2023 (bootleg)	
2023-01-14	Oliver Wood		Millennium Stage, Washington, DC, USA	https://www.setlist.fm/setlist/oliver-wood/2023/millennium-stage-washington-dc-2bbda05a.html	https://www.youtube.com/live/4DiQkmO8kGc	Kennedy Center livestream		
2023-01-28	Greensky Bluegrass	Daniel Donato	The Anthem, Washington, DC, USA	https://www.setlist.fm/setlist/greensky-bluegrass/2023/the-anthem-washington-dc-53bd2311.html	https://www.youtube.com/playlist?list=PLJ7S-K0cjvGIwrytCDiiIwjYMp9Gu-dBU	Playlist (6 videos)	Daniel Donato's Cosmic Country - Half Moon Night (bootleg) 1/28/2023 | Daniel Donato's Cosmic Country - Dance in the Desert EPIC jam (bootleg) 1/28/2023 | Greensky Bluegrass and Daniel Donato - Ain't Wastin Time No More (bootleg) 1/28/23 | Greensky Bluegrass LIVE - Give a Shhh (bootleg) | Daniel Donato's Cosmic Country - Rollin' Boogie (bootleg) | Daniel Donato's Cosmic Country - Cosmic Country Breakdown (bootleg)	
2023-02-16	Gaelic Storm		The Birchmere, Alexandria, VA, USA	https://www.setlist.fm/setlist/gaelic-storm/2023/the-birchmere-alexandria-va-33a73015.html	https://www.youtube.com/playlist?list=PLJ7S-K0cjvGJCuoPi7VNSx0axXv1HGFOu	Playlist (5 videos)	Gaelic Storm - Johnny Tarr / Beidh Aonach Amarach (bootleg) | Gaelic Storm - Scalliwag (bootleg) | Gaelic Storm - Johnny Jump Up (bootleg) | Gaelic Storm - Kiss Me I'm Irish (bootleg) | Gaelic Storm - The Night I Punched Russell Crowe (bootleg)	
2023-02-18	Tedeschi Trucks Band		Warner Theatre, Washington, DC, USA	https://www.setlist.fm/setlist/tedeschi-trucks-band/2023/warner-theatre-washington-dc-33baa451.html		No match		
2023-02-23	Buffalo Nichols		Columbia Art Center, Columbia, MD, USA	https://www.setlist.fm/setlist/buffalo-nichols/2023/columbia-art-center-columbia-md-2ba730e6.html	https://www.youtube.com/playlist?list=PLJ7S-K0cjvGL3d6OIv6ko926yd1i6phA_	Playlist (9 videos)	Buffalo Nichols - Life Goes On (bootleg) | Buffalo Nichols - Sick Bed Blues (bootleg) | Buffalo Nichols - Another Man (bootleg) | Buffalo Nichols - Cold, Cold, Cold (bootleg) | Buffalo Nichols - Slow Train (bootleg) | Buffalo Nichols - My Friend the Doctor (bootleg) | Buffalo Nichols - Too Tough to Die (bootleg) | Buffalo Nichols - Black Ivory (bootleg) | Buffalo Nichols - Hard Times (bootleg)	
2023-03-07	Enter the Haggis	Cassie & Maggie	The Hamilton Live, Washington, DC, USA	https://www.setlist.fm/setlist/enter-the-haggis/2023/the-hamilton-live-washington-dc-33a73029.html	https://www.youtube.com/playlist?list=PLJ7S-K0cjvGI9luSrliyaqhUiQz1g1-J2	Playlist (10 videos)	Enter the Haggis @ Hamilton Live (DC) 3/7/23	
2023-03-09	Larkin Poe	Tall Heights	9:30 Club, Washington, DC, USA	https://www.setlist.fm/setlist/larkin-poe/2023/930-club-washington-dc-bba79f2.html	https://www.youtube.com/playlist?list=PLJ7S-K0cjvGITKvXJ5BP8bv4CKMnRkdiG	Playlist (9 videos)	Larkin Poe - Might as Well be Me (Megan Lovell solo only - bootleg) | Larkin Poe - intro only Mad as a Hatter (no song, bootleg) | Larkin Poe - Strike Gold (bootleg) | Larkin Poe - Wanted Woman (bootleg) | Larkin Poe - Bad Boy (bootleg) | Larkin Poe - Ain't Not (bootleg) | Larkin Poe - Tears of Blue to Gold (bootleg) | Larkin Poe - She's a Self-Made Man (bootleg) | Larkin Poe - Holy Ghost Fire (bootleg)	
2023-04-08	Kate Davis		Songbyrd Music House, Washington, DC, USA	https://www.setlist.fm/setlist/kate-davis/2023/songbyrd-music-house-washington-dc-6ba7360a.html	https://www.youtube.com/playlist?list=PLJ7S-K0cjvGLY-DcEWxAOKJUfpnxH0OjA	Playlist (31 videos, combined 3-show playlist)	Flo Petite LIVE - In Bloom cover (bootleg) | Kate Davis LIVE - Consequences (bootleg) | Kate Davis LIVE - Fish Bowl (bootleg)	
2023-04-24	Sona Jobarteh		The Howard Theatre, Washington, DC, USA	https://www.setlist.fm/setlist/sona-jobarteh/2023/the-howard-theatre-washington-dc-2ba2682a.html	https://www.youtube.com/playlist?list=PLJ7S-K0cjvGIzY1sGNTcJKjyY9zhvzFNv	Playlist (5 videos)	Sona Jobarteh LIVE @ Howard Theatre (DC)	
2023-04-26	Suzanne Vega		The Birchmere, Alexandria, VA, USA	https://www.setlist.fm/setlist/suzanne-vega/2023/the-birchmere-alexandria-va-73b80a69.html	https://www.youtube.com/playlist?list=PLJ7S-K0cjvGKC_yYTLFmdV6_b-ZNETIX2	Playlist (20 videos)	Suzanne Vega - Live @ Birchmere 4/26/23	
2023-05-17	Eric Gales		The Hamilton Live, Washington, DC, USA	https://www.setlist.fm/setlist/eric-gales/2023/the-hamilton-live-washington-dc-1bb9d91c.html	https://www.youtube.com/playlist?list=PLJ7S-K0cjvGKu68uJScwygQWtPf6vHJ7M	Playlist (14 videos)	Eric Gales LIVE - Hamilton Live (DC) 5/17/23	
2023-05-20	Shovels & Rope	The Wood Brothers	The Anthem, Washington, DC, USA	https://www.setlist.fm/setlist/shovels-and-rope/2023/the-anthem-washington-dc-1bb9151c.html		17 video(s) found	Wood Brothers LIVE - Sing About it part 2 (bootleg) | Wood Brothers LIVE - Little Bit Sweet (bootleg) | Wood Brothers LIVE - Pilgrim (bootleg) | Wood Brothers LIVE - Luckiest Man (bootleg) | Wood Brothers LIVE - Pray for Rain (bootleg) | Wood Brothers LIVE - Atlas (bootleg) | Wood Brothers LIVE - Happiness Jones (bootleg) | Wood Brothers LIVE - Things I Leave Behind (bootleg) | Wood Brothers LIVE - Sky High (bootleg) | Wood Brothers LIVE - Chocolate on My Tongue (bootleg) | Wood Brothers LIVE - Fallen (bootleg) | Wood Brothers LIVE - Postcards from Hell (Oliver Wood solo, bootleg) | Wood Brothers LIVE - Blood I Bleed (bootleg) | Wood Brothers LIVE - One Drop (bootleg) | Wood Brothers and Shovels & Rope LIVE -  Down on the Corner (CCR cover - bootleg) | Wood Brothers LIVE - Brother (bootleg) | Shovels & Rope LIVE - Four Winds (bootleg)	
2023-05-23	The Lone Bellow	Lindsay Lou	The Birchmere, Alexandria, VA, USA	https://www.setlist.fm/setlist/the-lone-bellow/2023/the-birchmere-alexandria-va-6ba736fa.html	https://www.youtube.com/playlist?list=PLJ7S-K0cjvGLiOWNveOqzB8vPJIDxYZE0	Playlist (13 videos)	The Lone Bellow Trio with Lindsay Lou - LIVE Birchmere (VA) 5/23/23	
2023-05-25	The Avett Brothers	Bill Frisell	Wolf Trap Farm Park (Filene Center), Vienna, VA, USA	https://www.setlist.fm/setlist/the-avett-brothers/2023/wolf-trap-farm-park-filene-center-vienna-va-33b900f9.html	https://www.youtube.com/playlist?list=PLJ7S-K0cjvGLCiZa4_HtXyrfpcOoPxV4k	Playlist (6 videos)	Avett Brothers LIVE - Wolf Trap 05/25/23	
2023-06-07	Indigo Girls	Larkin Poe	Wolf Trap Farm Park (Filene Center), Vienna, VA, USA	https://www.setlist.fm/setlist/indigo-girls/2023/wolf-trap-farm-park-filene-center-vienna-va-63a692c3.html	https://www.youtube.com/playlist?list=PLJ7S-K0cjvGL5rDxxJhkLBDlMLuj3A7ev	Playlist (7 videos)	Indigo Girls with Larkin Poe LIVE - Wolf Trap 06/07/23	
2023-06-11	Buddy Guy	Samantha Fish & Jesse Dayton / Robert Randolph & The Family Band	Wolf Trap Farm Park (Filene Center), Vienna, VA, USA	https://www.setlist.fm/setlist/buddy-guy/2023/wolf-trap-farm-park-filene-center-vienna-va-13a6e579.html	https://www.youtube.com/playlist?list=PLJ7S-K0cjvGK2nqH-cfbvIX2DiwZIHbPi	Playlist (9 videos)	Buddy Guy LIVE - Damn Right Farewell Tour @ Wolf Trap 6/11/23	
2023-06-15	Kate Davis	Mystery Friends / The House You Grew Up In (THYGUI)	Songbyrd Music House, Washington, DC, USA	https://www.setlist.fm/setlist/kate-davis/2023/songbyrd-music-house-washington-dc-6ba73af6.html	https://www.youtube.com/playlist?list=PLJ7S-K0cjvGLY-DcEWxAOKJUfpnxH0OjA	Playlist (31 videos, combined 3-show playlist)	Kate Davis LIVE with band -  Saw You Staring (bootleg) | Kate Davis LIVE with band - Yoyo (bootleg) | Kate Davis LIVE with band - Fructify (bootleg) | Kate Davis LIVE with band - For You and I (bootleg) | Kate Davis LIVE with band - In My Dreams (bootleg) | Kate Davis LIVE with band - Lonely Ghosts (bootleg) | Kate Davis LIVE with band - Consequences (bootleg) | Kate Davis LIVE with band - Cry (bootleg) | Kate Davis LIVE with band - Why Do You Lie (bootleg) | Kate Davis LIVE with band - Over You (bootleg) | Kate Davis LIVE with band - Just Like Heaven (bootleg) | Kate Davis LIVE with band - We Got it Good (bootleg)	
2023-06-18	Trombone Shorty & Orleans Avenue	Mavis Staples / Ziggy Marley	Wolf Trap Farm Park (Filene Center), Vienna, VA, USA	https://www.setlist.fm/setlist/trombone-shorty-and-orleans-avenue/2023/wolf-trap-farm-park-filene-center-vienna-va-5ba623cc.html		No match		
2023-06-20	"Christone ""Kingfish"" Ingram"	Yutzi	The 8x10, Baltimore, MD, USA	https://www.setlist.fm/setlist/christone-kingfish-ingram/2023/the-8x10-baltimore-md-6ba606c2.html	https://www.youtube.com/playlist?list=PLJ7S-K0cjvGLFTXtHeMY5QzPncF8xiZP_	Playlist (shared 2-show playlist w/ 6/22)	Kingfish Ingram LIVE - band introductions (fragment - bootleg) | Kingfish Ingram LIVE - entrance clip (bootleg) | Kingfish Ingram LIVE - Hey Joe (fragment 1 - bootleg) | Kingfish Ingram LIVE - Hey Joe (fragment 2 - bootleg) | Kingfish Ingram LIVE - 662 (bootleg) | Kingfish Ingram LIVE - Fresh Out (bootleg)	
2023-06-22	Steve Miller Band	"Christone ""Kingfish"" Ingram"	Wolf Trap Farm Park (Filene Center), Vienna, VA, USA	https://www.setlist.fm/setlist/steve-miller-band/2023/wolf-trap-farm-park-filene-center-vienna-va-4ba673e2.html	https://www.youtube.com/playlist?list=PLJ7S-K0cjvGLFTXtHeMY5QzPncF8xiZP_	Playlist (Kingfish support set only, shared 2-show playlist)	Kingfish Ingram LIVE - walkout and band selfies (bootleg) | Kingfish Ingram LIVE - 662 (bootleg) | Kingfish Ingram LIVE - Midnight Heat (bootleg) | Kingfish Ingram LIVE - Fresh Out (bootleg) | Kingfish Ingram LIVE - Too Close to the Fire (bootleg) | Kingfish Ingram LIVE - Love Language (bootleg) | Steve Miller LIVE - Wild Mountain Honey (bootleg) | Steve Miller LIVE - Jungle Love (bootleg)	
2023-06-28	Ally Venable Band		Rams Head On Stage, Annapolis, MD, USA	https://www.setlist.fm/setlist/ally-venable-band/2023/rams-head-on-stage-annapolis-md-2ba7ac96.html		2 video(s) found	Ally Venable LIVE - Going  Down (bootleg) | Ally Venable LIVE - Broken & Blue (bootleg)	
2023-07-05	Tori Amos		Wolf Trap Farm Park (Filene Center), Vienna, VA, USA	https://www.setlist.fm/setlist/tori-amos/2023/wolf-trap-farm-park-filene-center-vienna-va-63a7ea9f.html	https://www.youtube.com/playlist?list=PLJ7S-K0cjvGKrWHIIZRhg4a8Md0OJAz0j	Playlist (6 videos)	Tori Amos LIVE at Wolf Trap 7/5/23	
2023-07-09	Elvis Costello & The Imposters	Nick Lowe & Los Straitjackets	Lyric Performing Arts Center, Baltimore, MD, USA	https://www.setlist.fm/setlist/elvis-costello-and-the-imposters/2023/lyric-performing-arts-center-baltimore-md-3ba73c34.html	https://www.youtube.com/playlist?list=PLJ7S-K0cjvGJQlnfR1H4RhpH96g0pDezr	Playlist (7 videos)	Elvis Costello & The Imposters LIVE - Baltimore 7/9/23	
2023-07-16	Daniel Donato		The 8x10, Baltimore, MD, USA	https://www.setlist.fm/setlist/daniel-donato/2023/the-8x10-baltimore-md-23a75897.html	https://www.youtube.com/playlist?list=PLJ7S-K0cjvGK9qsZBf69EBAjEof98__oM	Playlist (7 videos)	Daniel Donato's Cosmic Country LIVE @ 8x10 (Baltimore) 7/16/2023	
2023-07-20	Tab Benoit	Anthony Rosano and The Conqueroos	The Birchmere, Alexandria, VA, USA	https://www.setlist.fm/setlist/tab-benoit/2023/the-birchmere-alexandria-va-73a74295.html	https://www.youtube.com/playlist?list=PLJ7S-K0cjvGLa9pSu_ArIRgHqdABZCY3Y	Playlist (7 videos)	Tab Benoit LIVE @ Birchmere 07/20/2023	
2023-07-27	Ana Popović	Skribe	The Hamilton Live, Washington, DC, USA	https://www.setlist.fm/setlist/ana-popovi/2023/the-hamilton-live-washington-dc-1ba4ed10.html	https://www.youtube.com/playlist?list=PLJ7S-K0cjvGJaKg_AUWCQQrqE0r3miNeX	Playlist (6 videos)	Ana Popović LIVE @ Hamilton Live (DC) 07/27/23	
2023-08-12	Honeyfunk	Zedicus & Abyssinia Roots	Pearl Street Warehouse, Washington, DC, USA	https://www.setlist.fm/setlist/honeyfunk/2023/pearl-street-warehouse-washington-dc-3a59933.html		8 video(s) found	Honeyfunk LIVE - Thrill Is Gone (bootleg) | Honeyfunk LIVE - Son of a Preacher Man (bootleg) | Honeyfunk LIVE - Yellow Moon (bootleg) | Honeyfunk LIVE - Sexual Healing (bootleg) | Honeyfunk LIVE - Purple Rain (bootleg) | Honeyfunk LIVE - The Roof is on Fire (bootleg) | Zedicus LIVE (bootleg) | Zedicus LIVE (bootleg)	
2023-08-18	Jimmie Vaughan	King Solomon Hicks	The State Theatre, Falls Church, VA, USA	https://www.setlist.fm/setlist/jimmie-vaughan/2023/the-state-theatre-falls-church-va-1ba5d150.html	https://www.youtube.com/playlist?list=PLJ7S-K0cjvGIWqX-7z-6qKXi1trysBQqV	Playlist (3 videos)	Jimmie Vaughan LIVE @ State Theatre Falls Church (VA) 08/18/23	
2023-08-23	Steve Earle	Danny Burns	The Birchmere, Alexandria, VA, USA	https://www.setlist.fm/setlist/steve-earle/2023/the-birchmere-alexandria-va-ba52966.html	https://www.youtube.com/playlist?list=PLJ7S-K0cjvGK5WAFCHnB0Ol69_eU0RRWh	Playlist (9 videos)	Steve Earle Alone & Acoustic LIVE @ Birchmere (VA) 8/23/23	
2023-08-27	The Robert Cray Band		The Birchmere, Alexandria, VA, USA	https://www.setlist.fm/setlist/the-robert-cray-band/2023/the-birchmere-alexandria-va-73a55289.html	https://www.youtube.com/playlist?list=PLJ7S-K0cjvGJC-bn8qCCnvVx6Zots9-Z3	Playlist (9 videos)	Robert Cray Band LIVE @ Birchmere 8/27/23	
2023-09-02	Oh He Dead	AZTEC SUN / Dior Ashley Brown and the Filthy Animals	9:30 Club, Washington, DC, USA	https://www.setlist.fm/setlist/oh-he-dead/2023/930-club-washington-dc-33a21cbd.html		7 video(s) found	Oh He Dead LIVE - Lightning Drunk (bootleg) | Oh He Dead LIVE - #song-title (bootleg) | Oh He Dead LIVE - Show Me Love (bootleg) | Oh He Dead LIVE - Neon Lights (bootleg) | Oh He Dead LIVE - All Eyes onMe (bootleg) | Oh He Dead LIVE - Wild Night (bootleg) | Oh He Dead LIVE - 3AM (bootleg)	
2023-09-08	ZZ Ward	Jaime Wyatt	9:30 Club, Washington, DC, USA	https://www.setlist.fm/setlist/zz-ward/2023/930-club-washington-dc-ba2ddd2.html	https://www.youtube.com/playlist?list=PLJ7S-K0cjvGK5fEehbuiAlkjhxw6nuO_A	Playlist (13 videos)	ZZ Ward LIVE @ 9:30 Club 9/8/23	
2023-09-09	Kingsley Flood	Glenn Yoder	Pearl Street Warehouse, Washington, DC, USA	https://www.setlist.fm/setlist/kingsley-flood/2023/pearl-street-warehouse-washington-dc-23a2345b.html		6 video(s) found	Kingsley Flood LIVE -  Try (bootleg) | Kingsley Flood LIVE - Cavalry (bootleg) | Kingsley Flood LIVE - Bottom of the Barrel (bootleg) | Kingsley Flood LIVE - Shivering World (bootleg) | Glenn Yoder and the Western States LIVE - Joy (bootleg) | Glenn Yoder and the Western States LIVE - Goddamn Shame (bootleg)	
2023-09-09	DuPont Brass		Rosslyn Jazz Fest 2023	https://www.setlist.fm/setlist/dupont-brass/2023/gateway-park-arlington-va-23a2343b.html		1 video(s) found	Dupont Brass LIVE - Joy (bootleg)	
2023-09-10	Beck	Phoenix / Weyes Blood / Sir Chloe	Merriweather Post Pavilion, Columbia, MD, USA	https://www.setlist.fm/setlist/beck/2023/merriweather-post-pavilion-columbia-md-6ba2d22a.html	https://www.youtube.com/playlist?list=PLJ7S-K0cjvGJLJigRBb2WtkHemF8jq3Ji	Playlist (10 videos)	Beck LIVE Summer Odyssey Tour closing performance 9/10/23	
2023-09-13	Sonny Landreth	Peter Case	The Hamilton Live, Washington, DC, USA	https://www.setlist.fm/setlist/sonny-landreth/2023/the-hamilton-live-washington-dc-73a20ac5.html		9 video(s) found	Sonny Landreth LIVE - Blues Attack (bootleg) | Sonny Landreth LIVE - Don't Ask Me (bootleg) | Sonny Landreth LIVE - Creole Angel (bootleg) | Sonny Landreth LIVE - Bound by the Blues (bootleg) | Sonny Landreth LIVE - Next Train Home (bootleg) | Sonny Landreth LIVE - Congo Square (bootleg) | Sonny Landreth LIVE - Uberesso (bootleg) | Sonny Landreth LIVE - From Now On (bootleg) | Sonny Landreth LIVE - 1 For the Road (bootleg)	
2023-09-26	Nas	Wu-Tang Clan / De La Soul	Capital One Arena, Washington, DC, USA	https://www.setlist.fm/setlist/nas/2023/capital-one-arena-washington-dc-ba3911a.html		3 video(s) found	Wu-Tang Clan LIVE - Shimmy Shimmy Ya (EXPLICIT bootleg) | Nas LIVE - It Ain't Hard to Tell (bootleg) | Wu-Tang Clan LIVE - Shame (EXPLICIT bootleg)	
2023-09-27	Rhiannon Giddens	Adia Victoria	The Clarice Smith Performing Arts Center, College Park, MD, USA	https://www.setlist.fm/setlist/rhiannon-giddens/2023/the-clarice-smith-performing-arts-center-college-park-md-4ba3e73e.html	https://www.youtube.com/playlist?list=PLJ7S-K0cjvGIc1ntqg0LoA3Nwitvt7bXA	Playlist (13 videos)	Rhiannon Giddens + Adia Victoria LIVE @ Clarice Smith 9/27/23	
2023-10-05	Victor Wooten	Rebirth Brass Band	The Fillmore Silver Spring, Silver Spring, MD, USA	https://www.setlist.fm/setlist/victor-wooten/2023/the-fillmore-silver-spring-silver-spring-md-ba30dba.html		5 video(s) found	Rebirth Brass Band  LIVE - Deyo (bootleg) | Rebirth Brass Band  LIVE - It's All Over Now  (bootleg) | The Wooten Brothers with Rebirth Brass Band LIVE - final jam (bootleg) | Victor Wooten LIVE - Me and My Bass Guitar (bootleg) | Victor Wooten LIVE - A Show of Hands (bootleg)	
2023-10-06	Kenny Wayne Shepherd		Capital One Hall, Tysons Corner, VA, USA	https://www.setlist.fm/setlist/kenny-wayne-shepherd/2023/capital-one-hall-tysons-corner-va-7ba326e8.html	https://www.youtube.com/playlist?list=PLJ7S-K0cjvGKxppGZyUZqpFzipYNLus9t	Playlist (7 videos)	Kenny Wayne Shepherd LIVE @ Capital One Hall 10/06/23	
2023-10-08	Vanessa Collier		AMP by Strathmore, North Bethesda, MD, USA	https://www.setlist.fm/setlist/vanessa-collier/2023/amp-by-strathmore-north-bethesda-md-ba36132.html	https://www.youtube.com/playlist?list=PLJ7S-K0cjvGKQlkdygFKav6V1ZV8eBJtG	Playlist (8 videos)	Vanessa Collier LIVE @ Strathmore AMP 10/8/23	
2023-10-13	Daniel Donato		Pearl Street Warehouse, Washington, DC, USA	https://www.setlist.fm/setlist/daniel-donato/2023/pearl-street-warehouse-washington-dc-3a09d63.html	https://www.youtube.com/playlist?list=PLJ7S-K0cjvGILAv53HPzLkFWGn2I7eKIN	Playlist (6 videos)	Daniel Donato's Cosmic Country LIVE @ Pearl Street Warehouse (DC) 10/13/23	
2023-10-15	LL Cool J	The Roots / DJ Jazzy Jeff / Queen Latifah / Bone Thugs-n-Harmony / Z-Trip	Capital One Arena, Washington, DC, USA	https://www.setlist.fm/setlist/ll-cool-j/2023/capital-one-arena-washington-dc-63a0a2c3.html		7 video(s) found	Clip The Roots & DJ Jazzy Jeff LIVE - Shimmy Shimmy Ya etc (bootleg) | Queen Latifah and Monie Love LIVE - Living Single & Ladies First (bootleg) | LL Cool J LIVE - Rock the Bells (bootleg) | LL Cool J LIVE - Around the Way Girl (bootleg) | LL Cool J LIVE - Going Back to Cali (bootleg) | LL Cool J LIVE - Mama Said Knock You Out (bootleg) | LL Cool J LIVE - I Need Love (bootleg)	
2023-10-18	Live		Lincoln Theatre, Washington, DC, USA	https://www.setlist.fm/setlist/live/2023/lincoln-theatre-washington-dc-7ba0fe80.html	https://www.youtube.com/playlist?list=PLJ7S-K0cjvGIsX-lL-_Rf_C5goarTdqM5	Playlist (8 videos)	Līve LIVE @ Lincoln Theater (DC) 10/18/23	
2023-10-22	The Secret Sisters	Amy Stroup	The Birchmere, Alexandria, VA, USA	https://www.setlist.fm/setlist/the-secret-sisters/2023/the-birchmere-alexandria-va-5ba0c360.html	https://www.youtube.com/playlist?list=PLJ7S-K0cjvGIK1oDr0TNnX6SP7p7uw01q	Playlist (7 videos)	Secret Sisters LIVE @ The Birchmere(VA) 10/22/23	
2023-10-27	Albert Cummings		Jammin Java, Vienna, VA, USA	https://www.setlist.fm/setlist/albert-cummings/2023/jammin-java-vienna-va-63a002db.html	https://www.youtube.com/playlist?list=PLJ7S-K0cjvGIzU19hwvIT5Q2mCuVHurP_	Playlist (4 videos)	Albert Cummings LIVE @ Jammin' Java 10/26/23	
2023-11-13	Shakey Graves	Sadurn	9:30 Club, Washington, DC, USA	https://www.setlist.fm/setlist/shakey-graves/2023/930-club-washington-dc-23a1300b.html	https://www.youtube.com/playlist?list=PLJ7S-K0cjvGKQbCrQ9b6_bJryFlPAAeKC	Playlist (9 videos)	Shakey Graves + Sadurn LIVE @ 9:30 Club (DC) 11/13/23	
2023-11-25	Liz Phair	Blondshell	The Anthem, Washington, DC, USA	https://www.setlist.fm/setlist/liz-phair/2023/the-anthem-washington-dc-13a14d89.html	https://www.youtube.com/playlist?list=PLJ7S-K0cjvGK7QBK-sXIc5g_ZJnCJecir	Playlist (10 videos)	Liz Phair LIVE @ The Anthem (DC) 11/25/23	
2023-11-26	The Lone Bellow	Stephen Wilson Jr	Wolf Trap Farm Park (The Barns), Vienna, VA, USA	https://www.setlist.fm/setlist/the-lone-bellow/2023/wolf-trap-farm-park-the-barns-vienna-va-53aea3e5.html	https://www.youtube.com/playlist?list=PLJ7S-K0cjvGKRyNDy8v0VqJXIn3HkT39K	Playlist (10 videos)	The Lone Bellow LIVE - Marshmallow World (bootleg) | The Lone Bellow LIVE - Q+A band history (no song) | The Lone Bellow LIVE - Watch Over Us (acoustic trio bootleg) | The Lone Bellow LIVE - Just Enough to Love You (bootleg) | The Lone Bellow LIVE - Marietta (bootleg) | The Lone Bellow LIVE - Time's Always Leaving (bootleg) | The Lone Bellow LIVE - Then Came the Morning (bootleg) | The Lone Bellow LIVE - Fake Roses (bootleg) | The Lone Bellow LIVE - Keep it Together (bootleg) | The Lone Bellow LIVE - Dried Up River (bootleg)	
2023-12-03	Samantha Fish & Jesse Dayton	Jon Spencer / Eric Johanson	The Fillmore Silver Spring, Silver Spring, MD, USA	https://www.setlist.fm/setlist/samantha-fish-and-jesse-dayton/2023/the-fillmore-silver-spring-silver-spring-md-33aef4dd.html		9 video(s) found	Samantha Fish LIVE - I'll Be Here in the Morning (bootleg) | Samantha Fish LIVE - Kick out the Jams (bootleg) | Samantha Fish LIVE - Bulletproof (bootleg) | Samantha Fish LIVE - Blood in the Water (bootleg) | Samantha Fish LIVE - Slow Burn (bootleg) | Samantha Fish LIVE - Death Wish Blues (bootleg) | Samantha Fish and Jesse Dayton LIVE - Cigar Box Guitar Duet (bootleg) | Samantha Fish LIVE - Death Wish Blues (acoustic, bootleg) | Samantha Fish LIVE - Faster (bootleg)	
2023-12-04	Tab Benoit		The Birchmere, Alexandria, VA, USA	https://www.setlist.fm/setlist/tab-benoit/2023/the-birchmere-alexandria-va-3baee48c.html	https://www.youtube.com/playlist?list=PLJ7S-K0cjvGLoWqqwTUY1njk0tT8qlJ-j	Playlist (5 videos)	Tab Benoit LIVE @ Birchmere 12/4/23	
2023-12-05	The Allman Betts Band		Capital One Hall, Tysons Corner, VA, USA	https://www.setlist.fm/setlist/the-allman-betts-band/2023/capital-one-hall-tysons-corner-va-13aed909.html	https://www.youtube.com/playlist?list=PLJ7S-K0cjvGKHr_xJc757cjDVZFPzcd3w	Playlist (6 videos)	Allman Betts Band LIVE @ Capital One Hall 12/5/23	
2023-12-10	Allison Russell		The Birchmere, Alexandria, VA, USA	https://www.setlist.fm/setlist/allison-russell/2023/the-birchmere-alexandria-va-2bae08ca.html		3 video(s) found	Allison Russell LIVE - Stay Right Here (bootleg) | Allison Russell LIVE - Eve Was Black (bootleg) | Allison Russell LIVE - Demons (bootleg)	
2023-12-15	Sadurn	Brassie / Glom	The Atlantis, Washington, DC, USA	https://www.setlist.fm/setlist/sadurn/2023/the-atlantis-washington-dc-5baf9b48.html	https://www.youtube.com/playlist?list=PLJ7S-K0cjvGL_NJe6hrWQkT33KqZJ_XnO	Playlist (8 videos)	Sadurn LIVE with Brassie & Glom @ The Atlantis DC 12/15/23	
2024-01-13	Jessie's Girl		The Fillmore Silver Spring, Silver Spring, MD, USA	https://www.setlist.fm/setlist/jessies-girl/2024/the-fillmore-silver-spring-silver-spring-md-3baf4454.html	https://www.youtube.com/playlist?list=PLJ7S-K0cjvGK9hWQ61XCZsAylAeeS16Jb	Playlist (9 videos)	Jessie's Girl (80's covers) LIVE @ Fillmore Silver Spring 1/13/24	
2024-01-20	Kingsley Flood		Millennium Stage, Washington, DC, USA	https://www.setlist.fm/setlist/kingsley-flood/2024/millennium-stage-washington-dc-13acc5f1.html	https://www.youtube.com/live/79R31AnZcrY	Kennedy Center livestream		
2024-02-17	Stevie Nicks	Jessie Baylin	CFG Bank Arena, Baltimore, MD, USA	https://www.setlist.fm/setlist/stevie-nicks/2024/cfg-bank-arena-baltimore-md-4bad8b46.html	https://www.youtube.com/playlist?list=PLJ7S-K0cjvGJcFE5sqT_9vcUWZalieoP9	Playlist (9 videos)	Stevie Nicks LIVE @ Baltimore (CFG Bank Arena 2/17/24)	
2024-02-20	Eric Gales	Artur Menezes	The Hamilton Live, Washington, DC, USA	https://www.setlist.fm/setlist/eric-gales/2024/the-hamilton-live-washington-dc-2bade40a.html	https://www.youtube.com/playlist?list=PLJ7S-K0cjvGJdK5OxTfFL4GWBWDqq4rxz	Playlist (6 videos)	Eric Gales LIVE @ Hamilton Live (DC) 2/20/24	
2024-02-21	Brittany Howard	Becca Mancari	9:30 Club, Washington, DC, USA	https://www.setlist.fm/setlist/brittany-howard/2024/930-club-washington-dc-73addae1.html	https://www.youtube.com/playlist?list=PLJ7S-K0cjvGJmG4xyZZvbCuIshBz0YDOW	Playlist (6 videos)	Brittany Howard LIVE @ 9:30 Club (DC) 2/21/24	
2024-02-24	Joe Bonamassa		The Theater at MGM National Harbor, National Harbor, MD, USA	https://www.setlist.fm/setlist/joe-bonamassa/2024/the-theater-at-mgm-national-harbor-national-harbor-md-1bad39a8.html	https://www.youtube.com/playlist?list=PLJ7S-K0cjvGK4BVPC2dM64vnOaegW09jL	Playlist (4 videos)	Joe Bonamassa LIVE @ MGM National Harbor 2/24/24	
2024-02-24	Buffalo Nichols		Millennium Stage, Washington, DC, USA	https://www.setlist.fm/setlist/buffalo-nichols/2024/millennium-stage-washington-dc-33ad1499.html	https://www.youtube.com/live/NeWAJJGdUdw	Kennedy Center livestream		
2024-02-25	Selwyn Birchwood		The Collective Encore, Columbia, MD, USA	https://www.setlist.fm/setlist/selwyn-birchwood/2024/the-collective-encore-columbia-md-6bad0afa.html	https://www.youtube.com/playlist?list=PLJ7S-K0cjvGJVT2D2wyr7quX0dlVx6FPB	Playlist (7 videos)	Selwyn Birchwood LIVE @ Collective Encore 2/25/24	
2024-03-02	Trombone Shorty & Orleans Avenue	The Soul Rebels	The Event Center at Hollywood Casino, Ranson, WV, USA	https://www.setlist.fm/setlist/trombone-shorty-and-orleans-avenue/2024/the-event-center-at-hollywood-casino-ranson-wv-1bad49ac.html	https://www.youtube.com/playlist?list=PLJ7S-K0cjvGI-rUROrCAFQXyv12XRnypG	Playlist (7 videos)	Trombone Shorty & Orleans Avenue LIVE @ Hollywood Casino (WV) 3/2/24	
2024-03-09	Enter the Haggis		The Hamilton Live, Washington, DC, USA	https://www.setlist.fm/setlist/enter-the-haggis/2024/the-hamilton-live-washington-dc-2baaf002.html	https://www.youtube.com/playlist?list=PLJ7S-K0cjvGI_QSHgfR5JfwJeRyIDl6IW	Playlist (8 videos)	Enter the Haggis LIVE @ Hamilton Live (DC) 3/9/24	
2024-03-18	Rhiannon Giddens	Charly Lowry	The Music Center at Strathmore, North Bethesda, MD, USA	https://www.setlist.fm/setlist/rhiannon-giddens/2024/the-music-center-at-strathmore-north-bethesda-md-33aa1425.html	https://www.youtube.com/playlist?list=PLJ7S-K0cjvGIXXPiJ7EZzNXDfS4lMfgqx	Playlist (5 videos)	Rhiannon Giddens LIVE @ Music Center at Strathmore (MD) 3/18/24	
2024-03-21	Jon Batiste		Warner Theatre, Washington, DC, USA	https://www.setlist.fm/setlist/jon-batiste/2024/warner-theatre-washington-dc-43aa7303.html	https://www.youtube.com/playlist?list=PLJ7S-K0cjvGJuLiT_KdGO02wIRGYMWAHv	Playlist (10 videos)	Jon Batiste LIVE @ Warner Theatre (DC) 3/21/24	
2024-03-30	New York's Finest		The Collective Encore, Columbia, MD, USA	https://www.setlist.fm/setlist/new-yorks-finest/2024/the-collective-encore-columbia-md-6bab2a96.html	https://www.youtube.com/playlist?list=PLJ7S-K0cjvGKV8dmIhHhH3LRq66gSB9CT	Playlist (8 videos)	New York's Finest (Police tribute) LIVE @ Collective Encore (MD) 3/30/24	
2024-04-10	Shovels & Rope	Al Olender	Rams Head On Stage, Annapolis, MD, USA	https://www.setlist.fm/setlist/shovels-and-rope/2024/rams-head-on-stage-annapolis-md-3a8bd97.html	https://www.youtube.com/playlist?list=PLJ7S-K0cjvGIFGFSF-fLwVbEHvIR9g-pK	Playlist (9 videos)	Shovels & Rope LIVE @ Ram's Head (MD) 4/10/24	
2024-04-12	Danielle Nicole	Mallow Hill	The Hamilton Live, Washington, DC, USA	https://www.setlist.fm/setlist/danielle-nicole/2024/the-hamilton-live-washington-dc-73a8aa89.html	https://www.youtube.com/playlist?list=PLJ7S-K0cjvGKgj5HWpltrn_C4Bgtfs68V	Playlist (10 videos)	Danielle Nicole LIVE @ Hamilton Live 4/12/24	
2024-04-13	JJ Grey & Mofro	Judith Hill	The Fillmore Silver Spring, Silver Spring, MD, USA	https://www.setlist.fm/setlist/jj-grey-and-mofro/2024/the-fillmore-silver-spring-silver-spring-md-4ba8af82.html	https://www.youtube.com/playlist?list=PLJ7S-K0cjvGJLdAoc6LBtfOH4gjwK-4l9	Playlist (7 videos)	JJ Grey & Mofro LIVE @ Fillmore Silver Spring (MD) 4/13/24	
2024-04-19	Vanessa Collier		The Collective Encore, Columbia, MD, USA	https://www.setlist.fm/setlist/vanessa-collier/2024/the-collective-encore-columbia-md-13a8e909.html	https://www.youtube.com/playlist?list=PLJ7S-K0cjvGLrF2n1H6TcKZBHpmBGM-WS	Playlist (9 videos)	Vanessa Collier LIVE @ Collective Encore (MD) 4/19/24	
2024-04-26	Joanne Shaw Taylor		Maryland Theatre, Hagerstown, MD, USA	https://www.setlist.fm/setlist/joanne-shaw-taylor/2024/maryland-theatre-hagerstown-md-53a87761.html	https://www.youtube.com/playlist?list=PLJ7S-K0cjvGLdfcbKWoSJvtjjp2oe9VlD	Playlist (8 videos)	Joanne Shaw Taylor LIVE @ Maryland Theatre (MD) 4/26/24	
2024-05-15	Oh He Dead	The North Country	9:30 Club, Washington, DC, USA	https://www.setlist.fm/setlist/oh-he-dead/2024/930-club-washington-dc-23a90803.html	https://www.youtube.com/playlist?list=PLJ7S-K0cjvGLHAeFlPXKijx2VHSF1TeDy	Playlist (7 videos)	Oh He Dead & The North Country LIVE @ 9:30 Club 5/15/24	
2024-05-16	Sonny Landreth	The Iguanas	The Hamilton Live, Washington, DC, USA	https://www.setlist.fm/setlist/sonny-landreth/2024/the-hamilton-live-washington-dc-13a9614d.html	https://www.youtube.com/playlist?list=PLJ7S-K0cjvGJlmjVUQxN4GKBngP4katI3	Playlist (14 videos)	Sonny Landreth & The Iguanas LIVE @ Hamilton Live (DC) 5/16/24	
2024-06-01	Bonnie Raitt	The James Hunter Six	Warner Theatre, Washington, DC, USA	https://www.setlist.fm/setlist/bonnie-raitt/2024/warner-theatre-washington-dc-3b56d014.html		No match		
2024-06-06	Jackie Venson		Color Burst Park, Columbia, MD, USA	https://www.setlist.fm/setlist/jackie-venson/2024/color-burst-park-columbia-md-23565c5f.html	https://www.youtube.com/playlist?list=PLJ7S-K0cjvGJnT3CCr-E4JMjgbYldszpN	Playlist (13 videos)	Jackie Venson LIVE @ Color Burst Park (MD) 6/6/24	
2024-06-09	Gary Clark Jr.	Free Nationals	Wolf Trap Farm Park (Filene Center), Vienna, VA, USA	https://www.setlist.fm/setlist/gary-clark-jr/2024/wolf-trap-farm-park-filene-center-vienna-va-33ab0035.html	https://www.youtube.com/playlist?list=PLJ7S-K0cjvGKgXKH8T7GjfJJu0GmHrxb2	Playlist (8 videos)	Gary Clark Jr. LIVE @ Wolf Trap (VA) 6/9/24	
2024-06-10	John Hiatt	Rebecca Porter	The Birchmere, Alexandria, VA, USA	https://www.setlist.fm/setlist/john-hiatt/2024/the-birchmere-alexandria-va-3a82537.html	https://www.youtube.com/playlist?list=PLJ7S-K0cjvGISANJyMAJ1gCg8p5oOmiVM	Playlist (18 videos)	John Hiatt LIVE @ Birchmere 6/10/24	
2024-06-14	Pixies	Cat Power / Modest Mouse	Merriweather Post Pavilion, Columbia, MD, USA	https://www.setlist.fm/setlist/pixies/2024/merriweather-post-pavilion-columbia-md-53ab3f19.html	https://www.youtube.com/playlist?list=PLJ7S-K0cjvGIa_flRON67W-_MVRCRtOeI	Playlist (5 videos)	PIXIES + Modest Mouse + Cat Power LIVE @ Merriweather Post (MD) 6/14/24	
2024-06-15	Trombone Shorty & Orleans Avenue	Danielle Ponder / Big Boi	Wolf Trap Farm Park (Filene Center), Vienna, VA, USA	https://www.setlist.fm/setlist/trombone-shorty-and-orleans-avenue/2024/wolf-trap-farm-park-filene-center-vienna-va-5357a3b9.html		10 video(s) found	Danielle Ponder LIVE - Some of Us Are Brave (bootleg) | Danielle Ponder LIVE - Creep (bootleg) | Danielle Ponder LIVE - So Long (bootleg) | Danielle Ponder LIVE - Mother's Daughter (bootleg) | Danielle Ponder LIVE - Tears Dry on Their Own (bootleg) | Danielle Ponder LIVE - You'll Never Walk Alone (bootleg) | Trombone Shorty LIVE - In the Middle (bootleg) | Trombone Shorty LIVE - Hurricane Season (bootleg) | Trombone Shorty LIVE - Wind Me Up, Chuck (bootleg) | Trombone Shorty LIVE - Do to Me (bootleg)	
2024-06-16	Shaw Davis & The Black Ties	Soul Miners Union	Rams Head On Stage, Annapolis, MD, USA	https://www.setlist.fm/setlist/shaw-davis-and-the-black-ties/2024/rams-head-on-stage-annapolis-md-357a573.html		No match		
2024-06-21	Buffalo Nichols		Jammin Java, Vienna, VA, USA	https://www.setlist.fm/setlist/buffalo-nichols/2024/jammin-java-vienna-va-3357d005.html	https://www.youtube.com/playlist?list=PLJ7S-K0cjvGJwOsdmmjRcGoEYN1sV3c5A	Playlist (14 videos)	Buffalo Nichols LIVE @ Jammin' Java (VA) 06/21/24	
2024-06-25	Mikaela Davis	Rich Ruth	Pearl Street Warehouse, Washington, DC, USA	https://www.setlist.fm/setlist/mikaela-davis/2024/pearl-street-warehouse-washington-dc-3ba9541c.html	https://www.youtube.com/playlist?list=PLJ7S-K0cjvGLqwgMrIFdIeFpLjgkwVFdj	Playlist (8 videos)	Mikaela Davis LIVE @ Pearl Street Warehouse 06/25/24	
2024-06-27	"Christone ""Kingfish"" Ingram"	Mathias Lattin	The Fillmore Silver Spring, Silver Spring, MD, USA	https://www.setlist.fm/setlist/christone-kingfish-ingram/2024/the-fillmore-silver-spring-silver-spring-md-b572dd6.html	https://www.youtube.com/playlist?list=PLJ7S-K0cjvGLSwIQC01VwRxLlxqUnZBWz	Playlist (13 videos)	"Christone ""Kingfish"" Ingram LIVE - balcony solo (bootleg) | Christone ""Kingfish"" Ingram LIVE - Empty Promises (bootleg) | Christone ""Kingfish"" Ingram LIVE - Hey Joe (bootleg) | Christone ""Kingfish"" Ingram LIVE - Too Close to the Fire (bootleg) | Christone ""Kingfish"" Ingram LIVE - Feels Like the First Time (bootleg) | Christone ""Kingfish"" Ingram LIVE - One Eye Open (bootleg) | Christone ""Kingfish"" Ingram LIVE - Midnight Heat (bootleg) | Christone ""Kingfish"" Ingram LIVE - I'm Not Done Yet (bootleg) | Christone ""Kingfish"" Ingram LIVE - 662 (bootleg) | Christone ""Kingfish"" Ingram LIVE - Stalker (bootleg) | Christone ""Kingfish"" Ingram LIVE - Long Distance Woman (bootleg) | Christone ""Kingfish"" Ingram LIVE - Love Language (bootleg) | Christone ""Kingfish"" Ingram LIVE - See My Jumper (bootleg)"	
2024-06-29	Joan Jett & The Blackhearts	Alanis Morissette / Morgan Wade	Merriweather Post Pavilion, Columbia, MD, USA	https://www.setlist.fm/setlist/joan-jett-and-the-blackhearts/2024/merriweather-post-pavilion-columbia-md-ba94d2e.html		14 video(s) found	Joan Jett & the Blackhearts LIVE - Bad Reputation (bootleg) | Joan Jett & the Blackhearts LIVE - I Love Rock and Roll  (bootleg) | Joan Jett & the Blackhearts LIVE - Different (bootleg) | Joan Jett & the Blackhearts LIVE - Crimson and Clover (bootleg) | Joan Jett & the Blackhearts LIVE - Love is Pain (bootleg) | Joan Jett & the Blackhearts LIVE - Cherry Bomb (bootleg) | Alanis Morissette LIVE - Hand in My Pocket (bootleg) | Alanis Morissette LIVE - Right Through You (bootleg) | Alanis Morissette LIVE - Ironic (bootleg) | Alanis Morissette LIVE - You Oughta Know (bootleg) | Alanis Morissette LIVE - Head Over Feet (bootleg) | Morgan Wade LIVE - Wilder Days (bootleg) | Morgan Wade LIVE - Mend (bootleg) | Morgan Wade LIVE - The Night (bootleg)	
2024-07-10	Los Lobos	Chad Hollister	The Birchmere, Alexandria, VA, USA	https://www.setlist.fm/setlist/los-lobos/2024/the-birchmere-alexandria-va-3babd068.html	https://www.youtube.com/playlist?list=PLJ7S-K0cjvGLGGkKEPx2ZMpqb7clYETJ4	Playlist (7 videos)	Los Lobos LIVE @ Birchmere 7/10/24	
2024-07-18	Mike Zito	Tab Benoit & Anders Osborne	The Birchmere, Alexandria, VA, USA	https://www.setlist.fm/setlist/mike-zito/2024/the-birchmere-alexandria-va-3543ddf.html	https://www.youtube.com/playlist?list=PLJ7S-K0cjvGLQ0rQ4vl_o2MwmwbkY9ZGS	Playlist (8 videos)	Tab Benoit & Anders Osborne with Mike Zito LIVE @ Birchmere 7/18/24	
2024-07-20	Pretenders		Warner Theatre, Washington, DC, USA	https://www.setlist.fm/setlist/pretenders/2024/warner-theatre-washington-dc-7b542eb4.html	https://www.youtube.com/playlist?list=PLJ7S-K0cjvGLhKMKlX67yv-vqCePMfK67	Playlist (7 videos)	Pretenders LIVE @ Warner Theatre (DC) 07/20/2024	
2024-08-07	Slash	Robert Randolph & The Family Band / Larkin Poe / ZZ Ward	Koka Booth Amphitheatre, Cary, NC, USA	https://www.setlist.fm/setlist/slash/2024/koka-booth-amphitheatre-cary-nc-23a92c9f.html	https://www.youtube.com/playlist?list=PLJ7S-K0cjvGITFWPmAMpvg29Ddt0eOJ8Z	Playlist (18 videos)	Slash S.E.R.P.E.N.T. Festival LIVE Cary, NC 8/7/24	
2024-08-23	Sue Foley		The Hamilton Live, Washington, DC, USA	https://www.setlist.fm/setlist/sue-foley/2024/the-hamilton-live-washington-dc-b528dca.html	https://www.youtube.com/playlist?list=PLJ7S-K0cjvGKGNIaZgK0JUXFghD2lOzV-	Playlist (5 videos)	Sue Foley LIVE @ Hamilton Live (DC) 8/23/24	
2024-09-04	Walter Trout		Rams Head On Stage, Annapolis, MD, USA	https://www.setlist.fm/setlist/walter-trout/2024/rams-head-on-stage-annapolis-md-13521d7d.html	https://www.youtube.com/playlist?list=PLJ7S-K0cjvGKfeAkck2WbpOlrNgDuG5dY	Playlist (3 videos)	Walter Trout LIVE @ Ram's Head (MD) 9/4/24	
2024-09-07	Kingsley Flood	The Beanstalk Library	Pearl Street Warehouse, Washington, DC, USA	https://www.setlist.fm/setlist/kingsley-flood/2024/pearl-street-warehouse-washington-dc-5b525ffc.html	https://www.youtube.com/playlist?list=PLJ7S-K0cjvGJJApKUiWmOTWChNiQRkZtc	Playlist (10 videos)	Kingsley Flood LIVE @ Pearl Street Warehouse (DC) 9/7/24	
2024-09-08	Vanessa Collier		Rams Head On Stage, Annapolis, MD, USA	https://www.setlist.fm/setlist/vanessa-collier/2024/rams-head-on-stage-annapolis-md-3524d03.html	https://www.youtube.com/playlist?list=PLJ7S-K0cjvGL_urhBlAaFymtZnIz9emb6	Playlist (5 videos)	Vanessa Collier LIVE @ Rams Head (MD) 9/8/24	
2024-09-12	Shawn James		Black Cat (Mainstage), Washington, DC, USA	https://www.setlist.fm/setlist/shawn-james/2024/black-cat-mainstage-washington-dc-3b53a010.html	https://www.youtube.com/playlist?list=PLJ7S-K0cjvGJyGnk6gREOypsrCxohHV0c	Playlist (6 videos)	Shawn James LIVE @ The Black Cat (DC) 9/12/24	
2024-09-18	Selwyn Birchwood	Carly Harvey	The Vault at Capital One Hall, Tysons Corner, VA, USA	https://www.setlist.fm/setlist/selwyn-birchwood/2024/the-vault-at-capital-one-hall-tysons-corner-va-353f59b.html	https://www.youtube.com/playlist?list=PLJ7S-K0cjvGL3rMKdh0de7S68Z2dP2YBu	Playlist (10 videos)	Selwyn Birchwood LIVE @ the Vault at Capital One Hall 9/18/24	
2024-09-19	Brittney Spencer	Marcus King	Warner Theatre, Washington, DC, USA	https://www.setlist.fm/setlist/brittney-spencer/2024/warner-theatre-washington-dc-353f187.html		4 video(s) found	Marcus King LIVE - Homesick (bootleg) | Marcus King LIVE - Virginia (bootleg) | Marcus King LIVE - Confessions (bootleg) | Marcus King LIVE - Ramblin' Man (bootleg)	
2024-09-25	Suzanne Vega		The Birchmere, Alexandria, VA, USA	https://www.setlist.fm/setlist/suzanne-vega/2024/the-birchmere-alexandria-va-33532419.html	https://www.youtube.com/playlist?list=PLJ7S-K0cjvGIgNjgQlo9xO44zF9N26kpc	Playlist (19 videos)	Suzanne Vega LIVE @ Birchmere 9/25/24	
2024-09-28	Soul Coughing		9:30 Club, Washington, DC, USA	https://www.setlist.fm/setlist/soul-coughing/2024/930-club-washington-dc-1b5761fc.html	https://www.youtube.com/playlist?list=PLJ7S-K0cjvGKJath7-jUYRE2EuuNFRgU7	Playlist (7 videos)	Soul Coughing LIVE - Blue Eyed Devil (bootleg) | Soul Coughing LIVE - Casiotone Nation (bootleg) | Soul Coughing LIVE - True Dreams of Wichita (bootleg) | Soul Coughing LIVE - Screenwriter's Blues (bootleg) | Soul Coughing LIVE - Bus to Beelzebub (bootleg) | Soul Coughing LIVE - Super Bon Bon (bootleg) | Soul Coughing LIVE - Unmarked Helicopters (bootleg)	
2024-10-03	The Lone Bellow	Taylor Ashton	The Birchmere, Alexandria, VA, USA	https://www.setlist.fm/setlist/the-lone-bellow/2024/the-birchmere-alexandria-va-3b50bc4c.html	https://www.youtube.com/playlist?list=PLJ7S-K0cjvGJBpcSRwOfciHwhbssMAyAR	Playlist (12 videos)	The Lone Bellow LIVE - Homesick (bootleg) | The Lone Bellow LIVE - Cost of Living (bootleg) | The Lone Bellow LIVE - Slip Slidin' Away (bootleg) | The Lone Bellow LIVE - Marietta (bootleg) | The Lone Bellow LIVE - Time's Always Leaving (bootleg) | The Lone Bellow LIVE - Then Came the Morning (bootleg) | The Lone Bellow LIVE - Two Sides of Every Story (bootleg) | The Lone Bellow LIVE - Keep it Together (bootleg) | The Lone Bellow LIVE - Dried Up River (bootleg) | Taylor Ashton LIVE - Carry On (bootleg) | Taylor Ashton LIVE - Millbrook (bootleg) | Taylor Ashton LIVE - Better Times (bootleg)	
2024-10-05	Valerie June		Publick Playhouse, Landover, MD, USA	https://www.setlist.fm/setlist/valerie-june/2024/publick-playhouse-landover-md-5b50a358.html	https://www.youtube.com/playlist?list=PLJ7S-K0cjvGKDkeWVTzCEMe0xJv0cd9SQ	Playlist (8 videos)	Valerie June LIVE @ Publick Playhouse (MD) 10/5/24	
2024-10-08	Talia Segal	Alexia Gabriella / Antoñio Villaronga / Bev Stanton / Christian Crowley / Damien Bethel / Erin Frisby / Jasper Hobbs / Juels Bland / Lou Black / Mx. Mundy / Nina Goodman / Rebecca Berlin / Robzie Trulove / Safety Bear / Sanjay Arora / Sea Griffin / Wytold	DC9, Washington, DC, USA		No match		"Why Don't We Duet?" — benefit concert for the Potter's House Pay It Forward program. 18 local musicians paired by Tarot card (Dame Darcy's Mermaid Deck) into 9 duos, each writing and debuting a new song. $15 at the door, 7:30–11:30 PM. Talia was paired with Nina Goodman (keyboardist/singer, DC Music Review writer) — they both drew the Knight of Pentacles. They were the first duo announced on social media but not the first to perform. Their song was about the joy of being a dog — there was both joy and actual barking in it. Afterwards Talia was so disappointed in her voice (due to cancer treatments) that she asked me not to post the bootleg video I took. Hat autograph: Talia Segal (RIP).
2024-10-09	Vanessa Collier	Sweet Leda	The Hamilton Live, Washington, DC, USA	https://www.setlist.fm/setlist/vanessa-collier/2024/the-hamilton-live-washington-dc-7b5096dc.html	https://www.youtube.com/playlist?list=PLJ7S-K0cjvGLUOdXZexCDUO1vE67aFAbK	Playlist (10 videos)	Vanessa Collier LIVE @ Hamilton Live (DC) 10/9/24	
2024-10-13	Jake Xerxes Fussell		Songbyrd Music House, Washington, DC, USA	https://www.setlist.fm/setlist/jake-xerxes-fussell/2024/songbyrd-music-house-washington-dc-6b50e2b6.html	https://www.youtube.com/playlist?list=PLJ7S-K0cjvGLB0r3UiSx-6PQ6_skRE4dB	Playlist (5 videos)	Jake Xerxes Fussell LIVE @ Songbyrd Music House (DC) 10/13/24	
2024-10-14	David Moore		Songbyrd Music House, Washington, DC, USA	https://www.setlist.fm/setlist/david-moore/2024/songbyrd-music-house-washington-dc-4b502fea.html		No match		
2024-10-17	Ana Popovic	Carly Harvey	The Hamilton Live, Washington, DC, USA	https://www.setlist.fm/setlist/ana-popovi/2024/the-hamilton-live-washington-dc-2b500482.html		No match		
2024-10-19	Shemekia Copeland		Rams Head On Stage, Annapolis, MD, USA	https://www.setlist.fm/setlist/shemekia-copeland/2024/rams-head-on-stage-annapolis-md-3b503434.html	https://www.youtube.com/playlist?list=PLJ7S-K0cjvGL7HsVrGhfW41b3M5hPjRzX	Playlist (8 videos)	Shemekia Copeland LIVE @ Rams Head On Stage (MD) 10/19/24	
2024-11-08	Albert Cummings		The Collective Encore, Columbia, MD, USA	https://www.setlist.fm/setlist/albert-cummings/2024/the-collective-encore-columbia-md-235ebcf3.html	https://www.youtube.com/playlist?list=PLJ7S-K0cjvGKBKQzNYJqGCYaL5V4TJ9C9	Playlist (6 videos)	Albert Cummings LIVE @ Collective Encore (MD) 11/8/24	
2024-11-09	Jake Blount		Millennium Stage, Washington, DC, USA	https://www.setlist.fm/setlist/jake-blount/2024/millennium-stage-washington-dc-135eb171.html	https://www.youtube.com/live/9-vDzbKrb-Y	Kennedy Center livestream	Jake Blount & Mali Obomsawin LIVE - In The Garden (bootleg) | Jake Blount & Mali Obomsawin LIVE - Hard Times Killing Floor Blues (bootleg)	
2024-11-16	The Wood Brothers		The Music Center at Strathmore, North Bethesda, MD, USA	https://www.setlist.fm/setlist/the-wood-brothers/2024/the-music-center-at-strathmore-north-bethesda-md-535ec395.html	https://www.youtube.com/playlist?list=PLJ7S-K0cjvGICF3dJDFJ04zWRyk6Bq65X	Playlist (13 videos)	Wood Brothers LIVE @ Strathmore Music Hall 11/16/24	
2024-11-17	Lindsay Lou		The Music Center at Strathmore, North Bethesda, MD, USA	https://www.setlist.fm/setlist/lindsay-lou/2024/the-music-center-at-strathmore-north-bethesda-md-7b5eca64.html		No match		
2024-11-20	Samantha Fish	Ghalia Volt / Canned Heat	Warner Theatre, Washington, DC, USA	https://www.setlist.fm/setlist/samantha-fish/2024/warner-theatre-washington-dc-1352395d.html	https://www.youtube.com/playlist?list=PLJ7S-K0cjvGJ4Z5BOVXjoqZtOfng90wNV	Playlist (13 videos)	Canned Heat  LIVE with Bernard Allison - Change Your Way of Living (bootleg) | Canned Heat  LIVE with Bernard Allison - Bad Love (bootleg) | Canned Heat LIVE - Rollin' and Tumblin' (bootleg) | Canned Heat LIVE - Let's Work Together (bootleg) | Ghalia Volt LIVE - The Healer (bootleg) | Samantha Fish LIVE - Black Wind Howlin' (bootleg) | Samantha Fish LIVE - Either Way I Lose (bootleg) | Samantha Fish LIVE - Goin' Down South (bootleg) | Samantha Fish LIVE - Love Letters (bootleg) | Samantha Fish LIVE - Bulletproof (bootleg) | Samantha Fish and Mitch Ryder LIVE - Devil with a Blue Dress On / Good Golly Miss Molly (bootleg) | Samantha Fish LIVE - Faster (bootleg) | Samantha Fish LIVE - Blood in the Water (bootleg)	
2024-12-06	Oh He Dead	ViRG	The Vault at Capital One Hall, Tysons Corner, VA, USA	https://www.setlist.fm/setlist/oh-he-dead/2024/the-vault-at-capital-one-hall-tysons-corner-va-635fcebf.html		No match		
2024-12-07	New York's Finest		The State Theatre, Falls Church, VA, USA	https://www.setlist.fm/setlist/new-yorks-finest/2024/the-state-theatre-falls-church-va-35f312f.html		2 video(s) found	New York's Finest (Police Tribute) LIVE - If You Love Somebody Set Them Free (bootleg) | New York's Finest (Police Tribute) LIVE - Next To You (bootleg)	
2024-12-17	Tab Benoit	Jesse Dayton	The Birchmere, Alexandria, VA, USA	https://www.setlist.fm/setlist/tab-benoit/2024/the-birchmere-alexandria-va-7b5f5af0.html		4 video(s) found	Tab Benoit LIVE - For What It's Worth (bootleg) | Tab Benoit LIVE - Solid Simple Thing (bootleg) | Tab Benoit LIVE - Medicine (bootleg) | Tab Benoit LIVE - Forever My Love (bootleg)	
2024-12-22	Albert Castiglia		JV's Restaurant, Falls Church, VA, USA	https://www.setlist.fm/setlist/albert-castiglia/2024/jvs-restaurant-falls-church-va-535c87ad.html	https://www.youtube.com/playlist?list=PLJ7S-K0cjvGKBkLw_-ONXYf3x1LQ8XEPY	Playlist (9 videos)	Albert Castiglia Live @ JV's Restaurant - end of tour 12/22/24	
2025-01-10	The Young Dubliners	La Unica	Pearl Street Warehouse, Washington, DC, USA	https://www.setlist.fm/setlist/the-young-dubliners/2025/pearl-street-warehouse-washington-dc-35d89df.html	https://www.youtube.com/playlist?list=PLJ7S-K0cjvGJvW76f6a0oz1P_p7lysy58	Playlist (11 videos)	Young Dubliners LIVE @ Pearl Street Warehouse 1/10/25	
2025-01-22	Langhorne Slim	Oliver Wood	The Birchmere, Alexandria, VA, USA	https://www.setlist.fm/setlist/langhorne-slim/2025/the-birchmere-alexandria-va-4b5d7f26.html	https://www.youtube.com/playlist?list=PLJ7S-K0cjvGLnz-M5qfqM8y207uAcVXgf	Playlist (12 videos)	Langhorne Slim & Oliver Wood LIVE @ Birchmere 1/22/25	
2025-01-24	New York's Finest		The Collective Encore, Columbia, MD, USA	https://www.setlist.fm/setlist/new-yorks-finest/2025/the-collective-encore-columbia-md-435d635b.html		3 video(s) found	New York's Finest (Police Tribute) LIVE - Fortress Around Your Heart (bootleg) | New York's Finest (Police Tribute) LIVE - De Do Do Do, De Da Da Da (bootleg) | New York's Finest (Police Tribute) LIVE - King of Pain (bootleg)	
2025-01-30	Galactic	Jah Works	9:30 Club, Washington, DC, USA	https://www.setlist.fm/setlist/galactic/2025/930-club-washington-dc-435cbf4f.html	https://www.youtube.com/playlist?list=PLJ7S-K0cjvGKFLy1E2wNp21OLCSmgS9va	Playlist (7 videos)	Galactic featuring Jelly Joseph LIVE @ 9:30 Club 1/30/25	
2025-01-31	Vanessa Collier		The Collective Encore, Columbia, MD, USA	https://www.setlist.fm/setlist/vanessa-collier/2025/the-collective-encore-columbia-md-35a8143.html		3 video(s) found	Vanessa Collier LIVE - Just One More (bootleg) | Vanessa Collier LIVE - Tongue Tied (bootleg) | Vanessa Collier LIVE - Bloodhound (bootleg)	
2025-02-06	Sue Foley		The Hamilton Live, Washington, DC, USA	https://www.setlist.fm/setlist/sue-foley/2025/the-hamilton-live-washington-dc-235ad41f.html	https://www.youtube.com/playlist?list=PLJ7S-K0cjvGL99d7kOWzlN98aXDM-qtL4	Playlist (9 videos)	Sue Foley LIVE @ Hamilton Live 2/6/25	
2025-02-07	Yasmin Williams		The Birchmere, Alexandria, VA, USA	https://www.setlist.fm/setlist/yasmin-williams/2025/the-birchmere-alexandria-va-235a287f.html		4 video(s) found	Yasmin Williams LIVE - Cliffwalk (bootleg) | Yasmin Williams LIVE - High Five (bootleg) | Yasmin Williams LIVE - Doc's Guitar (bootleg) | Yasmin Williams LIVE - Untitled djembe (Amadou Kouyate, bootleg)	
2025-02-26	Enter the Haggis		Wolf Trap Farm Park (The Barns), Vienna, VA, USA	https://www.setlist.fm/setlist/enter-the-haggis/2025/wolf-trap-farm-park-the-barns-vienna-va-435b3767.html	https://www.youtube.com/playlist?list=PLJ7S-K0cjvGLMV7me9Pw-EeHdgp_Q4X_y	Playlist (7 videos)	Enter the Haggis LIVE Farewell Tour @ Barns at Wolf Trap 2/26/25	
2025-02-27	Mike Zito	Kelli Baker Band	Hub City Vinyl, Hagerstown, MD, USA	https://www.setlist.fm/setlist/mike-zito/2025/hub-city-vinyl-hagerstown-md-635b2e13.html	https://www.youtube.com/playlist?list=PLJ7S-K0cjvGI30jX_mObnhmgkIBa2VQ7k	Playlist (8 videos)	Mike Zito LIVE @ Hub City Vinyl (MD) 2/27/25	
2025-03-13	Daniel Donato		The Hamilton Live, Washington, DC, USA	https://www.setlist.fm/setlist/daniel-donato/2025/the-hamilton-live-washington-dc-335be805.html	https://www.youtube.com/playlist?list=PLJ7S-K0cjvGI-YlhWCarU9ScFcHae5qtp	Playlist (5 videos)	Daniel Donato's Cosmic Country LIVE @ Hamilton Live (DC) 3/13/25	
2025-03-19	ZZ Ward	Liam St. John	The Birchmere, Alexandria, VA, USA	https://www.setlist.fm/setlist/zz-ward/2025/the-birchmere-alexandria-va-6358e613.html	https://www.youtube.com/playlist?list=PLJ7S-K0cjvGLurgbIEooTWJbZCnMawdtX	Playlist (13 videos)	ZZ Ward LIVE @ Birchmere 3/19/25	
2025-03-21	Southern Avenue		Rams Head On Stage, Annapolis, MD, USA	https://www.setlist.fm/setlist/southern-avenue/2025/rams-head-on-stage-annapolis-md-2b582c5e.html	https://www.youtube.com/playlist?list=PLJ7S-K0cjvGL4moyHGhpCCs5cK8PhrXt3	Playlist (11 videos)	Southern Avenue LIVE @ Ram's Head (MD) 3/21/25	
2025-04-05	Experience Hendrix (Kenny Wayne Shepherd)	"Eric Johnson / Dylan Triplett / Christone ""Kingfish"" Ingram / Ally Venable / Mato Nanji / Devon Allman / Samantha Fish / Zakk Wylde / Henri Brown"	Warner Theatre, Washington, DC, USA	https://www.setlist.fm/setlist/experience-hendrix/2025/warner-theatre-washington-dc-335c2031.html	https://www.youtube.com/playlist?list=PLJ7S-K0cjvGIu1pcW5mvyNq0tY53dizvp	Playlist (13 videos)	Experience Hendrix LIVE @ Warner Theatre (DC) 4/5/25	
2025-04-09	Cowboy Junkies		The Birchmere, Alexandria, VA, USA	https://www.setlist.fm/setlist/cowboy-junkies/2025/the-birchmere-alexandria-va-135a1dfd.html	https://www.youtube.com/playlist?list=PLJ7S-K0cjvGIIcC3tkXHchuYr7V_3pV5A	Playlist (9 videos)	Cowboy Junkies LIVE @ Birchmere 4/9/25	
2025-04-11	The War and Treaty	Chelsey Green / Tiera Kennedy	The Howard Theatre, Washington, DC, USA	https://www.setlist.fm/setlist/the-war-and-treaty/2025/the-howard-theatre-washington-dc-b59312e.html	https://www.youtube.com/playlist?list=PLJ7S-K0cjvGJ0oxlwovpXG26gHAMR0ViG	Playlist (6 videos)	The War and Treaty LIVE - ?? Unknown ?? (bootleg) | The War and Treaty LIVE - Proud Mary/Lover's Game (bootleg) | The War and Treaty LIVE - Jeep Cherokee Laredo (bootleg) | The War and Treaty LIVE - Rabbit (bootleg) | The War and Treaty LIVE - Down to the River to Pray (bootleg) | The War and Treaty LIVE - Are You Ready? (bootleg)	
2025-04-18	Valerie June	Jon Muq	Rams Head On Stage, Annapolis, MD, USA	https://www.setlist.fm/setlist/valerie-june/2025/rams-head-on-stage-annapolis-md-53594fcd.html	https://www.youtube.com/playlist?list=PLJ7S-K0cjvGL2WeBN9RzkhcyULTgAyY3Z	Playlist (10 videos)	Valerie June LIVE @ Ram's Head (MD) 4/18/25	
2025-04-24	Muireann Bradley		Millennium Stage, Washington, DC, USA	https://www.setlist.fm/setlist/muireann-bradley/2025/millennium-stage-washington-dc-7b46fe18.html	https://www.youtube.com/live/_SN7kNg5Q54	Kennedy Center livestream		
2025-05-02	Danielle Nicole	Brandon Miller	Pearl Street Warehouse, Washington, DC, USA	https://www.setlist.fm/setlist/danielle-nicole/2025/pearl-street-warehouse-washington-dc-3b46e4bc.html	https://www.youtube.com/playlist?list=PLJ7S-K0cjvGJ-YueR5L4sqdUpas1OW4C9	Playlist (7 videos)	Danielle Nicole Band LIVE @ Pearl Street Warehouse (DC) 5/2/25	
2025-05-03	Allison Russell	Kara Jackson	Lincoln Theatre, Washington, DC, USA	https://www.setlist.fm/setlist/allison-russell/2025/lincoln-theatre-washington-dc-23590433.html	https://www.youtube.com/playlist?list=PLJ7S-K0cjvGLhMNgGJsjknOQBcRTzq_ia	Playlist (10 videos)	Allison Russell LIVE @ Lincoln Theatre (DC) 5/3/25	
2025-05-09	Larkin Poe	Amythyst Kiah	9:30 Club, Washington, DC, USA	https://www.setlist.fm/setlist/larkin-poe/2025/930-club-washington-dc-235c201f.html	https://www.youtube.com/playlist?list=PLJ7S-K0cjvGKO3gwaxYzLBTciOMvP5Cyv	Playlist (12 videos)	Larkin Poe LIVE @ 9:30 Club (DC) 5/9/25	
2025-05-11	The Devil Makes Three	Bridge City Sinners	9:30 Club, Washington, DC, USA	https://www.setlist.fm/setlist/the-devil-makes-three/2025/930-club-washington-dc-6b46dae6.html	https://www.youtube.com/playlist?list=PLJ7S-K0cjvGLgrKItidPLi5YuYso-4NLY	Playlist (10 videos)	The Devil Makes Three LIVE @ 9:30 Club (DC) 5/11/25	
2025-05-14	Ally Venable Band		Rams Head On Stage, Annapolis, MD, USA	https://www.setlist.fm/setlist/ally-venable-band/2025/rams-head-on-stage-annapolis-md-3b47a818.html	https://www.youtube.com/playlist?list=PLJ7S-K0cjvGK7YleAlUlbka340H4j2ZMn	Playlist (6 videos)	Ally Venable LIVE @ Rams Head (MD) 5/14/25	
2025-06-07	Selwyn Birchwood		Rams Head On Stage, Annapolis, MD, USA	https://www.setlist.fm/setlist/selwyn-birchwood/2025/rams-head-on-stage-annapolis-md-73474e69.html		No match		
2025-06-08	TajMo: The Taj Mahal & Keb' Mo' Band	Abraham Alexander	Wolf Trap Farm Park (Filene Center), Vienna, VA, USA	https://www.setlist.fm/setlist/tajmo-the-taj-mahal-and-keb-mo-band/2025/wolf-trap-farm-park-filene-center-vienna-va-6b474e76.html	https://www.youtube.com/playlist?list=PLJ7S-K0cjvGICE4_wkwYVFlTSv2AUyAJA	Playlist (9 videos)	TajMo LIVE Taj Mahal and Keb Mo @ Wolf Trap 6/8/25	
2025-06-10	Suzanne Vega		Lincoln Theatre, Washington, DC, USA	https://www.setlist.fm/setlist/suzanne-vega/2025/lincoln-theatre-washington-dc-5347af39.html	https://www.youtube.com/playlist?list=PLJ7S-K0cjvGK5nb1sCthFnLvqdYbJI_tD	Playlist (6 videos)	Suzanne Vega LIVE - Walk on the Wild Side (bootleg) | Suzanne Vega LIVE - Chambermaid (bootleg) | Suzanne Vega LIVE - The Queen and the Soldier (bootleg) | Suzanne Vega LIVE - Marlene on the Wall (bootleg) | Suzanne Vega LIVE - Tom's Diner (bootleg) | Suzanne Vega LIVE - Luka (bootleg)	
2025-06-13	The Heavy Heavy	Judy Blank	The Atlantis, Washington, DC, USA	https://www.setlist.fm/setlist/the-heavy-heavy/2025/the-atlantis-washington-dc-43467f47.html	https://www.youtube.com/playlist?list=PLJ7S-K0cjvGKE-rgw0yfTicqHg7FQpfTs	Playlist (7 videos)	The Heavy Heavy LIVE @ Atlantis (DC) 5/13/25	
2025-06-15	Sue Foley		Rams Head On Stage, Annapolis, MD, USA	https://www.setlist.fm/setlist/sue-foley/2025/rams-head-on-stage-annapolis-md-5b443bb4.html		No match		
2025-06-19	Eric Gales		Rams Head On Stage, Annapolis, MD, USA	https://www.setlist.fm/setlist/eric-gales/2025/rams-head-on-stage-annapolis-md-7b440278.html		4 video(s) found	Eric Gales LIVE - closing medley jam: Voodoo Child, Kashmir, Back in Black, Für Elise (bootleg) | Eric Gales LIVE - Too Close to the Fire (bootleg) | Eric Gales LIVE - Instrumental Jam (bootleg) | Eric Gales LIVE - You Don't Know What Love Is (bootleg)	
2025-06-21	Buddy Guy	"Judith Hill / Christone ""Kingfish"" Ingram"	Wolf Trap Farm Park (Filene Center), Vienna, VA, USA	https://www.setlist.fm/setlist/buddy-guy/2025/wolf-trap-farm-park-filene-center-vienna-va-b5a69ae.html		6 video(s) found	"Buddy Guy LIVE - Close to You/Got My Mojo Workin (bootleg) | Christone ""Kingfish"" Ingram LIVE - Not Gonna Lie (bootleg) | Christone ""Kingfish"" Ingram LIVE - Fresh Out (bootleg) | Judith Hill LIVE - Wake Up (bootleg) | Judith Hill LIVE - Sun Shower (bootleg) | Judith Hill LIVE - Golden (bootleg)"	
2025-07-11	North Mississippi Allstars		Rams Head On Stage, Annapolis, MD, USA	https://www.setlist.fm/setlist/north-mississippi-allstars/2025/rams-head-on-stage-annapolis-md-3345580d.html		5 video(s) found	North Mississippi All-Stars LIVE - Don't Let the Devil Ride (bootleg) | North Mississippi All-Stars LIVE - Lord Don't Move that Mountain (bootleg) | North Mississippi All-Stars LIVE - Preachin' Blues (Up Jumped the Devil) (bootleg) | North Mississippi All-Stars LIVE - You Got to Move (bootleg) | North Mississippi All-Stars LIVE - Shake 'em on Down (bootleg)	
2025-07-13	J. P. Soars		JV's Live Music Room, Falls Church, VA, USA	https://www.setlist.fm/setlist/j-p-soars/2025/jvs-live-music-room-falls-church-va-2342bc33.html		5 video(s) found	J.P. Soars LIVE - Instrumental (bootleg) | J.P. Soars LIVE - Missin' Your Kissin' (bootleg) | J.P. Soars LIVE - We Gotta Go (bootleg) | J.P. Soars LIVE - Born Under a Bad Sign (bootleg) | J.P. Soars LIVE - Rock Me Baby (bootleg)	
2025-07-16	Barenaked Ladies	Sugar Ray / Fastball	Wolf Trap Farm Park (Filene Center), Vienna, VA, USA	https://www.setlist.fm/setlist/barenaked-ladies/2025/wolf-trap-farm-park-filene-center-vienna-va-3b5a007c.html		9 video(s) found	Fastball LIVE - The Way (bootleg) | Fastball LIVE -You're An Ocean  (bootleg) | Sugar Ray LIVE - Every Morning (bootleg) | Sugar Ray LIVE - Fly (bootleg) | Sugar Ray LIVE - Someday (bootleg) | Barenaked Ladies LIVE - The Old Apartment (bootleg) | Barenaked Ladies LIVE - If I Had $1000000 (bootleg) | Barenaked Ladies LIVE - Big Bang (bootleg) | Barenaked Ladies LIVE - One Week (bootleg)	
2025-07-17	Jax Hollow		Rams Head On Stage, Annapolis, MD, USA	https://www.setlist.fm/setlist/jax-hollow/2025/rams-head-on-stage-annapolis-md-b428186.html	https://www.youtube.com/playlist?list=PLJ7S-K0cjvGJqpoD9UT_BtMYghkC91Vqr	Playlist (6 videos)	Jax Hollow LIVE - Lay Me Down Easy (bootleg) | Jax Hollow LIVE - Wanted Woman (bootleg) | Jax Hollow LIVE - Come Up Kid (bootleg) | Jax Hollow LIVE - Cry Wolf (bootleg) | Jax Hollow LIVE - For All We Know (bootleg) | Jax Hollow LIVE - Dark Water (bootleg)	
2025-07-21	Amythyst Kiah	The Pinkerton Raid	Jammin Java, Vienna, VA, USA	https://www.setlist.fm/setlist/amythyst-kiah/2025/jammin-java-vienna-va-5b47af30.html		8 video(s) found	The Pinkerton Raid LIVE - The Village (bootleg) | The Pinkerton Raid LIVE - A Long December (bootleg) | The Pinkerton Raid LIVE - Your Name is Light (bootleg) | Amythyst Kiah LIVE - Trouble So Hard (bootleg) | Amythyst Kiah LIVE - In The Pines (bootleg) | Amythyst Kiah LIVE - S P A C E (bootleg) | Amythyst Kiah LIVE - Fancy (bootleg) | Amythyst Kiah LIVE - Black Myself (bootleg)	
2025-07-24	Trombone Shorty & Orleans Avenue	Dumpstaphunk / JJ Grey & Mofro	Wolf Trap Farm Park (Filene Center), Vienna, VA, USA	https://www.setlist.fm/setlist/trombone-shorty-and-orleans-avenue/2025/wolf-trap-farm-park-filene-center-vienna-va-4b47af3e.html		No match		
2025-08-03	Eric Johanson		Jammin Java, Vienna, VA, USA	https://www.setlist.fm/setlist/eric-johanson/2025/jammin-java-vienna-va-63471ac7.html		5 video(s) found	Eric Johanson LIVE - Death Letter (bootleg) | Eric Johanson LIVE - Just Like New (bootleg) | Eric Johanson LIVE - Open Hearted Woman (bootleg) | Eric Johanson LIVE - Chasing Ghosts (bootleg) | Eric Johanson LIVE - Bottom of the River (bootleg)	
2025-08-10	AJR	Cavetown / Chelsea Cutler / Valley / Benjamin Steer	Merriweather Post Pavilion, Columbia, MD, USA	https://www.setlist.fm/setlist/ajr/2025/merriweather-post-pavilion-columbia-md-1b58f994.html		No match		
2025-08-19	D.K. Harrell		Jammin Java, Vienna, VA, USA	https://www.setlist.fm/setlist/dk-harrell/2025/jammin-java-vienna-va-5b4303c0.html	https://www.youtube.com/playlist?list=PLJ7S-K0cjvGLG-WCQPCyCMvPy5mhfmOym	Playlist (6 videos)	D.K. Harrell LIVE - Praise These Blues (bootleg) | D.K. Harrell LIVE - Liquor Stores and Legs (bootleg) | D.K. Harrell LIVE - Not Here for a Long Time (bootleg) | D.K. Harrell LIVE - Going Under (bootleg) | D.K. Harrell LIVE - Sweet Home Chicago (bootleg) | D.K. Harrell LIVE - Mama Don't Allow (bootleg)	
2025-08-28	Robert Randolph	Blessing Offor	The Atlantis, Washington, DC, USA	https://www.setlist.fm/setlist/robert-randolph/2025/the-atlantis-washington-dc-b437d1e.html		5 video(s) found	Robert Randolph LIVE - Sweet Thang? (bootleg) | Robert Randolph LIVE - Sinner (bootleg) | Robert Randolph LIVE - Roosevelt Pool (bootleg) | Robert Randolph LIVE - Thrill Is Gone (bootleg) | Robert Randolph LIVE - Been So Long (bootleg)	
2025-09-16	Hozier	Gigi Perez	Jiffy Lube Live, Bristow, VA, USA	https://www.setlist.fm/setlist/hozier/2025/jiffy-lube-live-bristow-va-b5ac182.html	https://www.youtube.com/playlist?list=PLJ7S-K0cjvGIL3wIXd8f_6SbTCQG7tixp	Playlist (4 videos)	Hozier LIVE in Bristow, VA 9/16/2025 (night 1 of 2)	
2025-09-19	Alabama Shakes	The Budos Band	The Anthem, Washington, DC, USA	https://www.setlist.fm/setlist/alabama-shakes/2025/the-anthem-washington-dc-135a05d5.html	https://www.youtube.com/playlist?list=PLJ7S-K0cjvGKuIHQkITzIRpAiSxah3hpx	Playlist (7 videos)	Alabama Shakes LIVE - Always Alright (bootleg) | The Budos Band LIVE - Instrumental (bootleg) | Alabama Shakes LIVE - American Dream (bootleg) | Alabama Shakes LIVE - Dunes (bootleg) | Alabama Shakes LIVE - Gimme All Your Love (bootleg) | Alabama Shakes LIVE - Hold On (bootleg) | Alabama Shakes LIVE - Be Mine (bootleg)	
2025-09-23	Bywater Call		Pearl Street Warehouse, Washington, DC, USA	https://www.setlist.fm/setlist/bywater-call/2025/pearl-street-warehouse-washington-dc-6b434606.html		4 video(s) found	Bywater Call LIVE - Sign of Peace (bootleg) | Bywater Call LIVE - Roll (bootleg) | Bywater Call LIVE - Ain't No Friend of Mine (bootleg) | Bywater Call LIVE - You Make It Easy (bootleg)	
2025-09-24	"Christone ""Kingfish"" Ingram"	Dylan Triplett	Baltimore Soundstage, Baltimore, MD, USA	https://www.setlist.fm/setlist/christone-kingfish-ingram/2025/baltimore-soundstage-baltimore-md-4b47af36.html	https://www.youtube.com/playlist?list=PLJ7S-K0cjvGIRp58p0ZK_whWMsFRNnYmN	Playlist (7 videos)	"Dylan Triplett LIVE - I Can't Stand the Rain (bootleg) | Christone ""Kingfish"" Ingram LIVE - Bad Like Me (bootleg) | Christone ""Kingfish"" Ingram LIVE - Long Distance Woman (bootleg) | Christone ""Kingfish"" Ingram LIVE - Midnight Heat (bootleg) | Christone ""Kingfish"" Ingram LIVE - Empty Promises (bootleg) | Christone ""Kingfish"" Ingram LIVE - 662 (bootleg) | Christone ""Kingfish"" Ingram LIVE - See My Jumper (bootleg)"	
2025-10-08	Judith Hill		The Hamilton Live, Washington, DC, USA	https://www.setlist.fm/setlist/judith-hill/2025/the-hamilton-live-washington-dc-b417592.html		5 video(s) found	Judith Hill LIVE - Cry, Cry, Cry EPIC jam (bootleg) | Judith Hill LIVE - Turn Up (bootleg) | Judith Hill LIVE - Flame (bootleg) | Judith Hill LIVE - Golden (bootleg) | Judith Hill LIVE - The Pepper Club (bootleg)	
2025-10-15	Jackie Venson	J & The Causeways	The Hamilton Live, Washington, DC, USA	https://www.setlist.fm/setlist/jackie-venson/2025/the-hamilton-live-washington-dc-340e9af.html	https://www.youtube.com/playlist?list=PLJ7S-K0cjvGKYTwXZMX8huYuTgbPF-_Qh	Playlist (10 videos)	J and the Causeways LIVE - How'd We Get Here (bootleg) | J and the Causeways LIVE - Young Americans (bootleg) | Jackie Venson LIVE - When It's Right (bootleg) | Jackie Venson LIVE - One Step Forward (bootleg) | Jackie Venson LIVE - Don't Lie to Me (bootleg) | Jackie Venson LIVE - Obsessed (bootleg) | Jackie Venson LIVE - Dark (bootleg) | Jackie Venson LIVE - Electric Feels (bootleg) | Jackie Venson LIVE - Feel Good (bootleg) | Jackie Venson LIVE - Cosmic Love (bootleg)	
2025-10-17	New York's Finest		The State Theatre, Falls Church, VA, USA	https://www.setlist.fm/setlist/new-yorks-finest/2025/the-state-theatre-falls-church-va-1b417590.html		No match		
2025-10-21	Tommy Emmanuel		Lincoln Theatre, Washington, DC, USA	https://www.setlist.fm/setlist/tommy-emmanuel/2025/lincoln-theatre-washington-dc-4b47af2a.html	https://www.youtube.com/playlist?list=PLJ7S-K0cjvGLOAzoPhVXBV1lHGD1YliMK	Playlist (8 videos)	Tommy Emmanuel LIVE - Mona Lisa (bootleg) | Tommy Emmanuel LIVE - American Tune / Waltzing Matilda (bootleg) | Tommy Emmanuel LIVE - Song for a Rainy Morning (bootleg) | Tommy Emmanuel LIVE - Guitar Boogie / Stevie's Blues (bootleg) | Tommy Emmanuel LIVE - Questions (bootleg) | Tommy Emmanuel LIVE - Dixie McGuire (bootleg) | Tommy Emmanuel LIVE - Day Tripper (bootleg) | Tommy Emmanuel LIVE - Half a Moment (bootleg)	
2025-10-26	Ruthie Foster	Cole Larravide	The Hamilton Live, Washington, DC, USA	https://www.setlist.fm/setlist/ruthie-foster/2025/the-hamilton-live-washington-dc-1340e9ad.html	https://www.youtube.com/playlist?list=PLJ7S-K0cjvGLZWb0lcUzPfC917AfzTCz0	Playlist (9 videos)	Cole Larravide LIVE - Be There One Day (bootleg) | Cole Larravide LIVE - Promises (bootleg) | Ruthie Foster LIVE - Rainbow (bootleg) | Ruthie Foster LIVE - Runaway Soul (bootleg) | Ruthie Foster LIVE - Woke Up This Morning (With My Mind Stayed On Freedom) (bootleg) | Ruthie Foster LIVE - Man of the World (bootleg) | Ruthie Foster LIVE - Testimony (bootleg) | Ruthie Foster LIVE - Real Love (bootleg) | Ruthie Foster LIVE - Mississippi John Hurt medley (bootleg)	
2025-10-31	Jon Batiste	Diana Silvers	The Anthem, Washington, DC, USA	https://www.setlist.fm/setlist/jon-batiste/2025/the-anthem-washington-dc-1b40e9ac.html	https://www.youtube.com/playlist?list=PLJ7S-K0cjvGIfDv8WQkTrJMl5dMebJVHU	Playlist (7 videos)	Jon Batiste LIVE @ The Anthem (DC)	
2025-11-08	North Mississippi Allstars		Wolf Trap Farm Park (The Barns), Vienna, VA, USA	https://www.setlist.fm/setlist/north-mississippi-allstars/2025/wolf-trap-farm-park-the-barns-vienna-va-342d9e3.html	https://www.youtube.com/playlist?list=PLJ7S-K0cjvGKXGlxcjXwWHadud4tZUOYn	Playlist (7 videos)	North Mississippi All-Stars LIVE - Preachin' Blues (bootleg) | North Mississippi All-Stars LIVE - Run On (bootleg) | North Mississippi All-Stars LIVE - Cody electric washboard JAM  (bootleg) | North Mississippi All-Stars LIVE - Shake 'em on Down (bootleg) | North Mississippi All-Stars LIVE - You Got to Move (bootleg) | North Mississippi All-Stars LIVE - Lord Have Mercy (bootleg) | North Mississippi All-Stars LIVE - Rollin' and Tumblin' (bootleg)	
2025-11-14	The Lone Bellow	Nicole Atkins	Union Stage, Washington, DC, USA	https://www.setlist.fm/setlist/the-lone-bellow/2025/union-stage-washington-dc-13417595.html	https://www.youtube.com/playlist?list=PLJ7S-K0cjvGLOmu4ETmoyci5Dn-FNfBNG	Playlist (15 videos)	Lone Bellow LIVE @ Union Stage (DC) 11/15/2025	
2025-11-17	Sparkbird	Sushi Soucy / Spartan Jet-Plex	Richmond Music Hall, Richmond, VA, USA	https://www.setlist.fm/setlist/sparkbird/2025/richmond-music-hall-richmond-va-3b4f708c.html	https://www.youtube.com/playlist?list=PLJ7S-K0cjvGJXlHQOOX3YMrd51HE0zslb	Playlist (11 videos)	Sparkbird LIVE headlining show @ Richmond Music Hall (VA) 11/17/25	
2025-11-21	Keb' Mo'	Anthony D'Amato	Maryland Hall for the Creative Arts, Annapolis, MD, USA	https://www.setlist.fm/setlist/keb-mo/2025/maryland-hall-for-the-creative-arts-annapolis-md-341758b.html	https://www.youtube.com/playlist?list=PLJ7S-K0cjvGIJeMAfrYxV5O1pJ_KudwHk	Playlist (7 videos)	Keb' Mo' LIVE solo - Maryland Hall, Annapolis 11/21/25	
2025-12-04	The Wood Brothers	The Wildmans	9:30 Club, Washington, DC, USA	https://www.setlist.fm/setlist/the-wood-brothers/2025/930-club-washington-dc-5345e3a5.html		No match		
2025-12-20	Maggie Rose	The Hip Snacks	Bethesda Theater, Bethesda, MD, USA	https://www.setlist.fm/setlist/maggie-rose/2025/bethesda-theater-bethesda-md-434cd30f.html		5 video(s) found	Maggie Rose LIVE - Silent Night (bootleg) | Maggie Rose LIVE - River (bootleg) | The Hip Snacks LIVE - Pull You In (bootleg) | Maggie Rose  & Kara Durante LIVE - Poison in My Well (bootleg) | Maggie Rose LIVE - Heartache (bootleg)	
