Artist Name	Songkick URL
Adia Victoria	https://www.songkick.com/artists/7071994-adia-victoria
AJR	https://www.songkick.com/artists/1880688-ajr
Alabama Shakes	https://www.songkick.com/artists/4601908-alabama-shakes
Albert Castiglia	https://www.songkick.com/artists/556934-albert-castiglia
Albert Cummings	https://www.songkick.com/artists/388693-albert-cummings
Allison Russell	https://www.songkick.com/artists/3782681-allison-russell
Ally Venable	https://www.songkick.com/artists/9112594-ally-venable
Ally Venable Band	https://www.songkick.com/artists/8943299-ally-venable-band
Amythyst Kiah	https://www.songkick.com/artists/8145338-amythyst-kiah
Ana Popovic	https://www.songkick.com/artists/535525-ana-popovic
Angelique Francis	https://www.songkick.com/artists/10167117-angelique-francis
The Avett Brothers	https://www.songkick.com/artists/348455-avett-brothers
Bobby Rush	https://www.songkick.com/artists/408475-bobby-rush
Brandi Carlile	https://www.songkick.com/artists/355137-brandi-carlile
Buddy Guy	https://www.songkick.com/artists/183162-buddy-guy
Buffalo Nichols	https://www.songkick.com/artists/10120568-buffalo-nichols
Bywater Call	https://www.songkick.com/artists/9967819-bywater-call
Christone "Kingfish" Ingram	https://www.songkick.com/artists/8621084-christone-kingfish-ingram
Daniel Donato	https://www.songkick.com/artists/8686559-daniel-donato
Daniel Donato's Cosmic Country	https://www.songkick.com/artists/10349817-daniel-donatos-cosmic-country
Danielle Nicole	https://www.songkick.com/artists/8797059-danielle-nicole
The Devil Makes Three	https://www.songkick.com/artists/141858-devil-makes-three
D.K. Harrell	https://www.songkick.com/artists/10324317-dk-harrell
Dumpstaphunk	https://www.songkick.com/artists/574993-dumpstaphunk
Eric Gales	https://www.songkick.com/artists/453173-eric-gales
Eric Johanson	https://www.songkick.com/artists/9643799-eric-johanson
Evan Nicole Bell	https://www.songkick.com/artists/10324799-evan-nicole-bell
Galactic	https://www.songkick.com/artists/164225-galactic
Gary Clark Jr.	https://www.songkick.com/artists/309236-gary-clark-jr
Gov't Mule	https://www.songkick.com/artists/552734-govt-mule
Greensky Bluegrass	https://www.songkick.com/artists/30921-greensky-bluegrass
Heavy Heavy	https://www.songkick.com/artists/3210986-heavy-heavy
Hozier	https://www.songkick.com/artists/7104269-hozier
Jackie Venson	https://www.songkick.com/artists/6995684-jackie-venson
Jake Xerxes Fussell	https://www.songkick.com/artists/8519103-jake-xerxes-fussell
Jimmie Vaughan	https://www.songkick.com/artists/126812-jimmie-vaughan
JJ Grey & Mofro	https://www.songkick.com/artists/513007-jj-grey-and-mofro
Joanne Shaw Taylor	https://www.songkick.com/artists/626575-joanne-shaw-taylor
Joe Bonamassa	https://www.songkick.com/artists/414198-joe-bonamassa
Jon Batiste	https://www.songkick.com/artists/2824781-jon-batiste
J.p. Soars	https://www.songkick.com/artists/2373206-jp-soars
Judith Hill	https://www.songkick.com/artists/2297676-judith-hill
Keb' Mo'	https://www.songkick.com/artists/157227-keb-mo
Kenny Wayne Shepherd	https://www.songkick.com/artists/69357-kenny-wayne-shepherd
Lake Street Dive	https://www.songkick.com/artists/1077331-lake-street-dive
Langhorne Slim	https://www.songkick.com/artists/506999-langhorne-slim
Larkin Poe	https://www.songkick.com/artists/2939616-larkin-poe
The Lone Bellow	https://www.songkick.com/artists/6198659-lone-bellow
Lucinda Williams	https://www.songkick.com/artists/245404-lucinda-williams
Lyle Lovett	https://www.songkick.com/artists/92422-lyle-lovett
Maggie Rose	https://www.songkick.com/artists/5193328-maggie-rose
Marc Broussard	https://www.songkick.com/artists/135964-marc-broussard
Mavis Staples	https://www.songkick.com/artists/390099-mavis-staples
Mike Zito	https://www.songkick.com/artists/435008-mike-zito
Muireann Bradley	https://www.songkick.com/artists/10316648-muireann-bradley
North Mississippi Allstars	https://www.songkick.com/artists/27001-north-mississippi-allstars
Oh He Dead	https://www.songkick.com/artists/8857589-oh-he-dead
The Pietasters	https://www.songkick.com/artists/397319-pietasters
Rebirth Brass Band	https://www.songkick.com/artists/367222-rebirth-brass-band
Rhiannon Giddens	https://www.songkick.com/artists/792601-rhiannon-giddens
Robert Randolph	https://www.songkick.com/artists/527825-robert-randolph
Ruthie Foster	https://www.songkick.com/artists/182580-ruthie-foster
Samantha Fish	https://www.songkick.com/artists/2865936-samantha-fish
Selwyn Birchwood	https://www.songkick.com/artists/5025193-selwyn-birchwood
Shakey Graves	https://www.songkick.com/artists/1167694-shakey-graves
Shaw Davis & the Black Ties	https://www.songkick.com/artists/9531469-shaw-davis-and-the-black-ties
Shawn James	https://www.songkick.com/artists/5204888-shawn-james
Shemekia Copeland	https://www.songkick.com/artists/513816-shemekia-copeland
Shovels & Rope	https://www.songkick.com/artists/981579-shovels-and-rope
Sonny Landreth	https://www.songkick.com/artists/59658-sonny-landreth
Southern Avenue	https://www.songkick.com/artists/8624794-southern-avenue
Sparkbird	https://www.songkick.com/artists/10146948-sparkbird
Sue Foley	https://www.songkick.com/artists/858-sue-foley
Suzanne Vega	https://www.songkick.com/artists/73962-suzanne-vega
Tab Benoit	https://www.songkick.com/artists/305536-tab-benoit
Taj Farrant	https://www.songkick.com/artists/10357668-taj-farrant
Tedeschi Trucks Band	https://www.songkick.com/artists/4059111-tedeschi-trucks-band
Trombone Shorty & Orleans Avenue	https://www.songkick.com/artists/579055-trombone-shorty-and-orleans-avenue
Valerie June	https://www.songkick.com/artists/1075650-valerie-june
Vanessa Collier	https://www.songkick.com/artists/8284593-vanessa-collier
Walter Trout	https://www.songkick.com/artists/84976-walter-trout
The War and Treaty	https://www.songkick.com/artists/8384188-war-and-treaty
Warren Haynes	https://www.songkick.com/artists/538056-warren-haynes
The Wood Brothers	https://www.songkick.com/artists/203694-wood-brothers
Yasmin Williams	https://www.songkick.com/artists/9510649-yasmin-williams
Young Dubliners	https://www.songkick.com/artists/122818-young-dubliners
ZZ Ward	https://www.songkick.com/artists/4135811-zz-ward