published	title	item_count	url	description	playlist_id
2007-09-12	Favorites	82	https://www.youtube.com/playlist?list=FLLk1BKTtXoyFD068_Ob2pcw		FLLk1BKTtXoyFD068_Ob2pcw
2011-11-27	Sesame Street	34	https://www.youtube.com/playlist?list=PL80FCCC7A69F0DA68	Toddler entertainment	PL80FCCC7A69F0DA68
2012-07-14	BbWorld 2012	8	https://www.youtube.com/playlist?list=PL46B1B4F0037E9562	A quick series of videos covering BbWorld 2012	PL46B1B4F0037E9562
2012-09-30	For Melanie	7	https://www.youtube.com/playlist?list=PLJ7S-K0cjvGKcEJYL_h8cUDDIu-N-7A3V		PLJ7S-K0cjvGKcEJYL_h8cUDDIu-N-7A3V
2015-10-18	Jessie's Girl bootlegs	4	https://www.youtube.com/playlist?list=PLJ7S-K0cjvGI4qpv1aP6sdIl7UhTPukxV	From the Howard Theatre show October 16, 2015	PLJ7S-K0cjvGI4qpv1aP6sdIl7UhTPukxV
2016-03-13	OLQP Farewell to George Stewart	5	https://www.youtube.com/playlist?list=PLJ7S-K0cjvGIL6s8mJoVG8Z4xQs_LVFv8	Selctions from the Farewell Concert for Choir Director George Stewart	PLJ7S-K0cjvGIL6s8mJoVG8Z4xQs_LVFv8
2016-03-26	OK Go	20	https://www.youtube.com/playlist?list=PLJ7S-K0cjvGIJfkxelLSXVzSYQ_gJeLAH		PLJ7S-K0cjvGIJfkxelLSXVzSYQ_gJeLAH
2016-04-09	for Maggie	2	https://www.youtube.com/playlist?list=PLJ7S-K0cjvGJf18_R1v8uBWFeCEoLHgYB		PLJ7S-K0cjvGJf18_R1v8uBWFeCEoLHgYB
2016-06-25	Rock Paper Scissors Set List	25	https://www.youtube.com/playlist?list=PLJ7S-K0cjvGLOvxLtcg0fbDAKTPTL1Vsn	Peter Gabriel & Sting's Rock Paper Scissors Tour 2016	PLJ7S-K0cjvGLOvxLtcg0fbDAKTPTL1Vsn
2016-07-03	Fourth of July	2	https://www.youtube.com/playlist?list=PLJ7S-K0cjvGJ83x5wwvv9icfz2cuicDbw		PLJ7S-K0cjvGJ83x5wwvv9icfz2cuicDbw
2017-04-15	kate davis all	29	https://www.youtube.com/playlist?list=PLJ7S-K0cjvGKdP54a5ZMSwnA-spCWTBMS		PLJ7S-K0cjvGKdP54a5ZMSwnA-spCWTBMS
2018-07-03	Electric Mayhem songs	13	https://www.youtube.com/playlist?list=PLJ7S-K0cjvGJsqNNKoqmrNnfPgPQbOvMs	in no particular order	PLJ7S-K0cjvGJsqNNKoqmrNnfPgPQbOvMs
2018-07-03	Miss Piggy duets	10	https://www.youtube.com/playlist?list=PLJ7S-K0cjvGKtlnHnyehd0GDC97tEMxro	In order by first name of the human person	PLJ7S-K0cjvGKtlnHnyehd0GDC97tEMxro
2018-07-09	Muppet Documentaries	14	https://www.youtube.com/playlist?list=PLJ7S-K0cjvGJc9V6tPHO0pbXqk3L_f2qh		PLJ7S-K0cjvGJc9V6tPHO0pbXqk3L_f2qh
2019-02-01	Muppet Story Songs	12	https://www.youtube.com/playlist?list=PLJ7S-K0cjvGKnANHwdxkWADoUfU0RMqrh		PLJ7S-K0cjvGKnANHwdxkWADoUfU0RMqrh
2019-02-01	Muppet Christmas Songs	11	https://www.youtube.com/playlist?list=PLJ7S-K0cjvGIkOplSUcuGc8RUCPAsF0Is		PLJ7S-K0cjvGIkOplSUcuGc8RUCPAsF0Is
2019-02-01	Sesame Street Charts	20	https://www.youtube.com/playlist?list=PLJ7S-K0cjvGJdpD9YLtK-Cv6FKuOyxufb		PLJ7S-K0cjvGJdpD9YLtK-Cv6FKuOyxufb
2019-02-01	Cassette Tracks not on Spotify	5	https://www.youtube.com/playlist?list=PLJ7S-K0cjvGKmAymvHkRCeaJoVfhMUGYS		PLJ7S-K0cjvGKmAymvHkRCeaJoVfhMUGYS
2019-02-07	Saints	2	https://www.youtube.com/playlist?list=PLJ7S-K0cjvGIikAroKRwkO3m9GYyYlHUA		PLJ7S-K0cjvGIikAroKRwkO3m9GYyYlHUA
2019-06-11	Songs for My Funeral	26	https://www.youtube.com/playlist?list=PLJ7S-K0cjvGJHuI-kagxZUfN9fOaVV2ET	This life ends When, not if	PLJ7S-K0cjvGJHuI-kagxZUfN9fOaVV2ET
2021-10-17	Larkin Poe Live in Baltimore 2021	23	https://www.youtube.com/playlist?list=PLJ7S-K0cjvGK28bYHf1SaivuMW6_vbtb4	The 2021 Outbreak tour. opener: Kurt Deemer Band venue: The Recher Saturday October 16, 2021	PLJ7S-K0cjvGK28bYHf1SaivuMW6_vbtb4
2023-01-02	Pietasters Live 2022 Year End Show @ 9:30 Club	7	https://www.youtube.com/playlist?list=PLJ7S-K0cjvGLSUDeAzh0kWdohvVdRgXwU		PLJ7S-K0cjvGLSUDeAzh0kWdohvVdRgXwU
2023-01-06	They Might Be Giants - Flood tour (Finally)	14	https://www.youtube.com/playlist?list=PLJ7S-K0cjvGL_4w7JPXDjdpVEyrdWMt7A	Selected tracks from the rail at Lincoln Theatre in DC 12/16/2022	PLJ7S-K0cjvGL_4w7JPXDjdpVEyrdWMt7A
2023-01-07	Live Blues	35	https://www.youtube.com/playlist?list=PLJ7S-K0cjvGIs10-Aqel0Bu4UhoY9n0Hu		PLJ7S-K0cjvGIs10-Aqel0Bu4UhoY9n0Hu
2023-01-10	Kate Davis 3 shows @ Songbyrd DC	31	https://www.youtube.com/playlist?list=PLJ7S-K0cjvGLY-DcEWxAOKJUfpnxH0OjA	THREE SHOWS, ONE VENUE 11/30/22, 4/8/23, 6/15/23	PLJ7S-K0cjvGLY-DcEWxAOKJUfpnxH0OjA
2023-01-30	Daniel Donato's Cosmic Country  @ the Anthem	10	https://www.youtube.com/playlist?list=PLJ7S-K0cjvGIwrytCDiiIwjYMp9Gu-dBU	Saturday 1/28/2023 supporting Greensky Bluegrass	PLJ7S-K0cjvGIwrytCDiiIwjYMp9Gu-dBU
2023-02-18	Gaelic Storm @ the Birchmere 2/16/23	5	https://www.youtube.com/playlist?list=PLJ7S-K0cjvGJCuoPi7VNSx0axXv1HGFOu	A few tracks from the stage right corner at The Birchmere 2/16/23	PLJ7S-K0cjvGJCuoPi7VNSx0axXv1HGFOu
2023-02-26	Tedeschi Trucks @ Warner Theater (DC) 2/18/23	7	https://www.youtube.com/playlist?list=PLJ7S-K0cjvGLClt2Ci0OsSwfGPrybUt7x	From the Stage Left balcony	PLJ7S-K0cjvGLClt2Ci0OsSwfGPrybUt7x
2023-02-26	Buffalo Nichols @ Columbia (MD) Art Center 2/23/23	9	https://www.youtube.com/playlist?list=PLJ7S-K0cjvGL3d6OIv6ko926yd1i6phA_	Beyond the Blues concert series	PLJ7S-K0cjvGL3d6OIv6ko926yd1i6phA_
2023-03-06	Lucky Chops @ Union Stage (DC) 3/5/23	12	https://www.youtube.com/playlist?list=PLJ7S-K0cjvGLL0L4gg9pFhVAP67L-UsQx	DC 3.5.23	PLJ7S-K0cjvGLL0L4gg9pFhVAP67L-UsQx
2023-03-11	Larkin Poe @ 9:30 Club (DC) -3/9/23	9	https://www.youtube.com/playlist?list=PLJ7S-K0cjvGITKvXJ5BP8bv4CKMnRkdiG	SET LIST: Strike Gold, Kick the Blues, Summertime Sunset...	PLJ7S-K0cjvGITKvXJ5BP8bv4CKMnRkdiG
2023-03-11	Enter the Haggis @ Hamilton Live (DC) 3/7/23	10	https://www.youtube.com/playlist?list=PLJ7S-K0cjvGI9luSrliyaqhUiQz1g1-J2	SET LIST: Whale, Shangri La, News, Fast Gasoline...	PLJ7S-K0cjvGI9luSrliyaqhUiQz1g1-J2
2023-04-25	Sona Jobarteh LIVE @ Howard Theatre (DC)	5	https://www.youtube.com/playlist?list=PLJ7S-K0cjvGIzY1sGNTcJKjyY9zhvzFNv	4/24/2023 - relocated from defunct City Winery DC	PLJ7S-K0cjvGIzY1sGNTcJKjyY9zhvzFNv
2023-05-10	Suzanne Vega - Live @ Birchmere 4/26/23	20	https://www.youtube.com/playlist?list=PLJ7S-K0cjvGKC_yYTLFmdV6_b-ZNETIX2	Includes some of VIP Sound Check	PLJ7S-K0cjvGKC_yYTLFmdV6_b-ZNETIX2
2023-05-25	The Lone Bellow Trio with Lindsay Lou - LIVE Birchmere (VA) 5/23/23	13	https://www.youtube.com/playlist?list=PLJ7S-K0cjvGLiOWNveOqzB8vPJIDxYZE0	Front row. Two Lindsay Lou covers and an original with The Lone Bellow Trio	PLJ7S-K0cjvGLiOWNveOqzB8vPJIDxYZE0
2023-05-25	Wood Brothers LIVE @ The Anthem (DC) 5/20/23	17	https://www.youtube.com/playlist?list=PLJ7S-K0cjvGJKzAKwX_GB_WWKCWWCJ6hZ	From the 2nd level stage right	PLJ7S-K0cjvGJKzAKwX_GB_WWKCWWCJ6hZ
2023-05-25	Eric Gales LIVE - Hamilton Live (DC) 5/17/23	14	https://www.youtube.com/playlist?list=PLJ7S-K0cjvGKu68uJScwygQWtPf6vHJ7M	You can tell I set my phone down on the table	PLJ7S-K0cjvGKu68uJScwygQWtPf6vHJ7M
2023-05-27	Avett Brothers LIVE - Wolf Trap 05/25/23	6	https://www.youtube.com/playlist?list=PLJ7S-K0cjvGLCiZa4_HtXyrfpcOoPxV4k	Selected tracks from the Thursday night show	PLJ7S-K0cjvGLCiZa4_HtXyrfpcOoPxV4k
2023-06-09	Indigo Girls with Larkin Poe LIVE - Wolf Trap 06/07/23	7	https://www.youtube.com/playlist?list=PLJ7S-K0cjvGL5rDxxJhkLBDlMLuj3A7ev	Larkin Poe opened and joined them for encores	PLJ7S-K0cjvGL5rDxxJhkLBDlMLuj3A7ev
2023-06-19	Buddy Guy LIVE - Damn Right Farewell Tour @ Wolf Trap 6/11/23	9	https://www.youtube.com/playlist?list=PLJ7S-K0cjvGK2nqH-cfbvIX2DiwZIHbPi	Triple bill with Robert Randolph and Samantha Fish+Jesse Dayton	PLJ7S-K0cjvGK2nqH-cfbvIX2DiwZIHbPi
2023-06-23	Kingfish Ingram LIVE - 2 shows in June 2023	12	https://www.youtube.com/playlist?list=PLJ7S-K0cjvGLFTXtHeMY5QzPncF8xiZP_	Wolf Trap 6/22 + The 8x10 Baltimore 6/20	PLJ7S-K0cjvGLFTXtHeMY5QzPncF8xiZP_
2023-07-06	Tori Amos LIVE at Wolf Trap 7/5/23	6	https://www.youtube.com/playlist?list=PLJ7S-K0cjvGKrWHIIZRhg4a8Md0OJAz0j	Ocean to Ocean tour	PLJ7S-K0cjvGKrWHIIZRhg4a8Md0OJAz0j
2023-07-14	Elvis Costello & The Imposters LIVE - Baltimore 7/9/23	7	https://www.youtube.com/playlist?list=PLJ7S-K0cjvGJQlnfR1H4RhpH96g0pDezr	Some deep cuts from the early part of the set	PLJ7S-K0cjvGJQlnfR1H4RhpH96g0pDezr
2023-07-21	Daniel Donato's Cosmic Country LIVE @ 8x10 (Baltimore) 7/16/2023	7	https://www.youtube.com/playlist?list=PLJ7S-K0cjvGK9qsZBf69EBAjEof98__oM	From the rail in front of Mustang	PLJ7S-K0cjvGK9qsZBf69EBAjEof98__oM
2023-07-22	Tab Benoit LIVE @ Birchmere 07/20/2023	7	https://www.youtube.com/playlist?list=PLJ7S-K0cjvGLa9pSu_ArIRgHqdABZCY3Y	Some tracks from the front row corner	PLJ7S-K0cjvGLa9pSu_ArIRgHqdABZCY3Y
2023-07-28	Ana Popović LIVE @ Hamilton Live (DC) 07/27/23	6	https://www.youtube.com/playlist?list=PLJ7S-K0cjvGJaKg_AUWCQQrqE0r3miNeX	selected tracks from the front row including 2 from Skribe	PLJ7S-K0cjvGJaKg_AUWCQQrqE0r3miNeX
2023-08-05	Malibu Wanderers LIVE @ Celtic House (VA) 8/4/2023	4	https://www.youtube.com/playlist?list=PLJ7S-K0cjvGKkLNqSlYuM8X_DryVQDR42	Bar band covers	PLJ7S-K0cjvGKkLNqSlYuM8X_DryVQDR42
2023-08-14	Honeyfunk and Zedicus (covers) at Pearl Street Warehouse (DC) 08/12/23	8	https://www.youtube.com/playlist?list=PLJ7S-K0cjvGKYpFBl7PH6LCxXKxR218P6	Honeyfunk multi-decade cover band & Zedicus Bob Marley tribute	PLJ7S-K0cjvGKYpFBl7PH6LCxXKxR218P6
2023-08-20	Jimmie Vaughan LIVE @ State Theatre Falls Church (VA) 08/18/23	3	https://www.youtube.com/playlist?list=PLJ7S-K0cjvGIWqX-7z-6qKXi1trysBQqV	a few highlights	PLJ7S-K0cjvGIWqX-7z-6qKXi1trysBQqV
2023-08-20	King Solomon Hicks LIVE @ State Theater Falls Church 8/18/23	7	https://www.youtube.com/playlist?list=PLJ7S-K0cjvGJN-_g5toarZztKqJlWSrV7	supporting Jimmie Vaughan	PLJ7S-K0cjvGJN-_g5toarZztKqJlWSrV7
2023-08-24	Steve Earle Alone & Acoustic LIVE @ Birchmere (VA) 8/23/23	9	https://www.youtube.com/playlist?list=PLJ7S-K0cjvGK5WAFCHnB0Ol69_eU0RRWh	Selections from the set and one from opener Danny Burns	PLJ7S-K0cjvGK5WAFCHnB0Ol69_eU0RRWh
2023-09-10	Robert Cray Band LIVE @ Birchmere 8/27/23	9	https://www.youtube.com/playlist?list=PLJ7S-K0cjvGJC-bn8qCCnvVx6Zots9-Z3	Selected tracks from the front row	PLJ7S-K0cjvGJC-bn8qCCnvVx6Zots9-Z3
2023-09-14	Beck LIVE Summer Odyssey Tour closing performance 9/10/23	10	https://www.youtube.com/playlist?list=PLJ7S-K0cjvGJLJigRBb2WtkHemF8jq3Ji	selected tracks from Row B stage left behind the pit	PLJ7S-K0cjvGJLJigRBb2WtkHemF8jq3Ji
2023-09-14	ZZ Ward LIVE @ 9:30 Club 9/8/23	13	https://www.youtube.com/playlist?list=PLJ7S-K0cjvGK5fEehbuiAlkjhxw6nuO_A	selections from the rail on album drop day for Dirty Shine	PLJ7S-K0cjvGK5fEehbuiAlkjhxw6nuO_A
2023-09-15	Sonny Landreth LIVE @ Hamilton Live 9/15/23	9	https://www.youtube.com/playlist?list=PLJ7S-K0cjvGJNcwLlAEHkWF6SUBGBrVNt	Selected tracks from the front row. Peter Case supporting	PLJ7S-K0cjvGJNcwLlAEHkWF6SUBGBrVNt
2023-09-16	Kingsley Flood + Glenn Yoder & the Western States @ Pearl Street Warehouse 9/9/23	5	https://www.youtube.com/playlist?list=PLJ7S-K0cjvGJQaL8ICKbDYuXfLZY6WuG8	a couple from the back tables on the floor, a couple from balcony	PLJ7S-K0cjvGJQaL8ICKbDYuXfLZY6WuG8
2023-09-26	Crossroads 2023	19	https://www.youtube.com/playlist?list=PLJ7S-K0cjvGJE3MIbaq5bkylv8dHGrzs_	Watched via livestream	PLJ7S-K0cjvGJE3MIbaq5bkylv8dHGrzs_
2023-09-28	Songs for Hope 2023 - Kennedy Center	11	https://www.youtube.com/playlist?list=PLJ7S-K0cjvGKQ1LJ4aFfP8nO8WUNM3QZf	Surgeon General Awards Ceremony and concert 9/18/2023	PLJ7S-K0cjvGKQ1LJ4aFfP8nO8WUNM3QZf
2023-09-29	Rhiannon Giddens + Adia Victoria LIVE @ Clarice Smith 9/27/23	13	https://www.youtube.com/playlist?list=PLJ7S-K0cjvGIc1ntqg0LoA3Nwitvt7bXA	Selected tracks from the side box	PLJ7S-K0cjvGIc1ntqg0LoA3Nwitvt7bXA
2023-10-08	Wooten Brothers & Rebirth Brass Band LIVE @ Fillmore Silver Spring 10/5/23	5	https://www.youtube.com/playlist?list=PLJ7S-K0cjvGJ1OZ7VePb6uyiVxN_qHmL3	Selections from above the stage behind the band	PLJ7S-K0cjvGJ1OZ7VePb6uyiVxN_qHmL3
2023-10-08	Kenny Wayne Shepherd LIVE @ Capital One Hall 10/06/23	7	https://www.youtube.com/playlist?list=PLJ7S-K0cjvGKxppGZyUZqpFzipYNLus9t	selections from the 2nd row center balcony	PLJ7S-K0cjvGKxppGZyUZqpFzipYNLus9t
2023-10-28	Albert Cummings LIVE @ Jammin' Java 10/26/23	4	https://www.youtube.com/playlist?list=PLJ7S-K0cjvGIzU19hwvIT5Q2mCuVHurP_	Selected tracks from stage left seat 2	PLJ7S-K0cjvGIzU19hwvIT5Q2mCuVHurP_
2023-10-28	Queen Latifah and friends LIVE @ Capital One Arena 10/22/23	7	https://www.youtube.com/playlist?list=PLJ7S-K0cjvGLBwSoqOc_FFDfCSQYpKfUq	LL Cool J headlined. Mostly from Queen Latifah's set	PLJ7S-K0cjvGLBwSoqOc_FFDfCSQYpKfUq
2023-10-28	Secret Sisters LIVE @ The Birchmere(VA) 10/22/23	7	https://www.youtube.com/playlist?list=PLJ7S-K0cjvGIK1oDr0TNnX6SP7p7uw01q	selected tracks from a front table. Amy Stroup supporting	PLJ7S-K0cjvGIK1oDr0TNnX6SP7p7uw01q
2023-10-28	Live LIVE @ Lincoln Theater (DC) 10/18/23	8	https://www.youtube.com/playlist?list=PLJ7S-K0cjvGIsX-lL-_Rf_C5goarTdqM5	Selected tracks from the balcony	PLJ7S-K0cjvGIsX-lL-_Rf_C5goarTdqM5
2023-10-28	Daniel Donato's Cosmic Country LIVE @ Pearl Street Warehouse (DC) 10/13/23	6	https://www.youtube.com/playlist?list=PLJ7S-K0cjvGILAv53HPzLkFWGn2I7eKIN	Selected tracks from the rail	PLJ7S-K0cjvGILAv53HPzLkFWGn2I7eKIN
2023-10-28	Vanessa Collier LIVE @ Strathmore AMP 10/8/23	8	https://www.youtube.com/playlist?list=PLJ7S-K0cjvGKQlkdygFKav6V1ZV8eBJtG	selected tracks from a front table	PLJ7S-K0cjvGKQlkdygFKav6V1ZV8eBJtG
2023-11-16	Shakey Graves + Sadurn LIVE @ 9:30 Club (DC) 11/13/23	9	https://www.youtube.com/playlist?list=PLJ7S-K0cjvGKQbCrQ9b6_bJryFlPAAeKC	selected tracks from the stage right balcony	PLJ7S-K0cjvGKQbCrQ9b6_bJryFlPAAeKC
2023-11-26	Liz Phair LIVE @ The Anthem (DC) 11/25/23	10	https://www.youtube.com/playlist?list=PLJ7S-K0cjvGK7QBK-sXIc5g_ZJnCJecir	selected tracks from the upper balcony. Guyville Tour 2023	PLJ7S-K0cjvGK7QBK-sXIc5g_ZJnCJecir
2023-11-27	The Lone Bellow @ The Barns at Wolf Trap 11/26/23	10	https://www.youtube.com/playlist?list=PLJ7S-K0cjvGKRyNDy8v0VqJXIn3HkT39K	Selected tracks from the rail in front of Kanene	PLJ7S-K0cjvGKRyNDy8v0VqJXIn3HkT39K
2023-12-10	Allman Betts Band LIVE @ Capital One Hall 12/5/23	6	https://www.youtube.com/playlist?list=PLJ7S-K0cjvGKHr_xJc757cjDVZFPzcd3w	Select tracks from 3rd row stage left	PLJ7S-K0cjvGKHr_xJc757cjDVZFPzcd3w
2023-12-10	Samantha Fish LIVE @ Fillmore Silver Spring 12/3/23	9	https://www.youtube.com/playlist?list=PLJ7S-K0cjvGJm7BrRMqolPm0GAU4mLIdg	With Jesse Dayton. Death Wish Blues tour	PLJ7S-K0cjvGJm7BrRMqolPm0GAU4mLIdg
2023-12-12	Tab Benoit LIVE @ Birchmere 12/4/23	5	https://www.youtube.com/playlist?list=PLJ7S-K0cjvGLoWqqwTUY1njk0tT8qlJ-j	selected tracks from stage right near the front	PLJ7S-K0cjvGLoWqqwTUY1njk0tT8qlJ-j
2023-12-12	Allison Russell LIVE @ Birchmere 12/11/23	3	https://www.youtube.com/playlist?list=PLJ7S-K0cjvGLNql2ZrYj2Xoyy8rSosOX6	Select tracks from the last 2023 show of the Returner Tour	PLJ7S-K0cjvGLNql2ZrYj2Xoyy8rSosOX6
2023-12-24	Sadurn LIVE with Brassie & Glom @ The Atlantis DC 12/15/23	8	https://www.youtube.com/playlist?list=PLJ7S-K0cjvGL_NJe6hrWQkT33KqZJ_XnO	Selected tracks from the center right balcony	PLJ7S-K0cjvGL_NJe6hrWQkT33KqZJ_XnO
2024-01-15	Jessie's Girl (80's covers) LIVE @ Fillmore Silver Spring 1/13/24	9	https://www.youtube.com/playlist?list=PLJ7S-K0cjvGK9hWQ61XCZsAylAeeS16Jb	selected tracks from the rail & balcony	PLJ7S-K0cjvGK9hWQ61XCZsAylAeeS16Jb
2024-02-18	Stevie Nicks LIVE @ Baltimore (CFG Bank Arena 2/17/24)	9	https://www.youtube.com/playlist?list=PLJ7S-K0cjvGJcFE5sqT_9vcUWZalieoP9	Selected tracks, mid-floor left center aisle	PLJ7S-K0cjvGJcFE5sqT_9vcUWZalieoP9
2024-02-23	Brittany Howard LIVE @ 9:30 Club (DC) 2/21/24	6	https://www.youtube.com/playlist?list=PLJ7S-K0cjvGJmG4xyZZvbCuIshBz0YDOW	Selected tracks from the stage left balcony	PLJ7S-K0cjvGJmG4xyZZvbCuIshBz0YDOW
2024-02-23	Eric Gales LIVE @ Hamilton Live (DC) 2/20/24	6	https://www.youtube.com/playlist?list=PLJ7S-K0cjvGJdK5OxTfFL4GWBWDqq4rxz	Selected tracks from the front row	PLJ7S-K0cjvGJdK5OxTfFL4GWBWDqq4rxz
2024-02-25	Joe Bonamassa LIVE @ MGM National Harbor 2/24/24	4	https://www.youtube.com/playlist?list=PLJ7S-K0cjvGK4BVPC2dM64vnOaegW09jL	selected tracks from the front row stage right	PLJ7S-K0cjvGK4BVPC2dM64vnOaegW09jL
2024-02-26	Selwyn Birchwood LIVE @ Collective Encore 2/25/24	7	https://www.youtube.com/playlist?list=PLJ7S-K0cjvGJVT2D2wyr7quX0dlVx6FPB	Selected tracks from a front table	PLJ7S-K0cjvGJVT2D2wyr7quX0dlVx6FPB
2024-03-03	Trombone Shorty & Orleans Avenue LIVE @ Hollywood Casino (WV) 3/2/24	7	https://www.youtube.com/playlist?list=PLJ7S-K0cjvGI-rUROrCAFQXyv12XRnypG	Selected tracks from 6th row center	PLJ7S-K0cjvGI-rUROrCAFQXyv12XRnypG
2024-03-17	Enter the Haggis LIVE @ Hamilton Live (DC) 3/9/24	8	https://www.youtube.com/playlist?list=PLJ7S-K0cjvGI_QSHgfR5JfwJeRyIDl6IW	Selected tracks from a front table	PLJ7S-K0cjvGI_QSHgfR5JfwJeRyIDl6IW
2024-03-19	Rhiannon Giddens LIVE @ Music Center at Strathmore (MD) 3/18/24	5	https://www.youtube.com/playlist?list=PLJ7S-K0cjvGIXXPiJ7EZzNXDfS4lMfgqx	Charly Henry opened. Selected tracks from halfway back Orchestra	PLJ7S-K0cjvGIXXPiJ7EZzNXDfS4lMfgqx
2024-03-22	Jon Batiste LIVE @ Warner Theatre (DC) 3/21/24	10	https://www.youtube.com/playlist?list=PLJ7S-K0cjvGJuLiT_KdGO02wIRGYMWAHv	selected tracks from 5th row center. Special appearance by Trombone Shorty	PLJ7S-K0cjvGJuLiT_KdGO02wIRGYMWAHv
2024-04-01	New York's Finest (Police tribute) LIVE @ Collective Encore (MD) 3/30/24	8	https://www.youtube.com/playlist?list=PLJ7S-K0cjvGKV8dmIhHhH3LRq66gSB9CT	Selected tracks from a front table	PLJ7S-K0cjvGKV8dmIhHhH3LRq66gSB9CT
2024-04-12	Shovels & Rope LIVE @ Ram's Head (MD) 4/10/24	9	https://www.youtube.com/playlist?list=PLJ7S-K0cjvGIFGFSF-fLwVbEHvIR9g-pK	Selected tracks from just in front of the mix	PLJ7S-K0cjvGIFGFSF-fLwVbEHvIR9g-pK
2024-04-13	Danielle Nicole LIVE @ Hamilton Live 4/12/24	10	https://www.youtube.com/playlist?list=PLJ7S-K0cjvGKgj5HWpltrn_C4Bgtfs68V	Select tracks from a front table	PLJ7S-K0cjvGKgj5HWpltrn_C4Bgtfs68V
2024-04-14	Judith Hill LIVE @ Fillmore Silver Spring 4/13/24	3	https://www.youtube.com/playlist?list=PLJ7S-K0cjvGJwry23WeMLXFu7YQGlpZ4X	Selected tracks from the rail	PLJ7S-K0cjvGJwry23WeMLXFu7YQGlpZ4X
2024-04-15	JJ Grey & Mofro LIVE @ Fillmore Silver Spring (MD) 4/13/24	7	https://www.youtube.com/playlist?list=PLJ7S-K0cjvGJLdAoc6LBtfOH4gjwK-4l9	Select tracks from the rail	PLJ7S-K0cjvGJLdAoc6LBtfOH4gjwK-4l9
2024-04-20	Vanessa Collier LIVE @ Collective Encore (MD) 4/19/24	9	https://www.youtube.com/playlist?list=PLJ7S-K0cjvGLrF2n1H6TcKZBHpmBGM-WS	Almost the full set, from a 3rd row table	PLJ7S-K0cjvGLrF2n1H6TcKZBHpmBGM-WS
2024-04-27	Joanne Shaw Taylor LIVE @ Maryland Theatre (MD) 4/26/24	8	https://www.youtube.com/playlist?list=PLJ7S-K0cjvGLdfcbKWoSJvtjjp2oe9VlD	Selected tracks from stage right orchestra box	PLJ7S-K0cjvGLdfcbKWoSJvtjjp2oe9VlD
2024-05-18	Sonny Landreth & The Iguanas LIVE @ Hamilton Live (DC) 5/16/24	14	https://www.youtube.com/playlist?list=PLJ7S-K0cjvGJlmjVUQxN4GKBngP4katI3	Selected tracks from a front table. Louisiana Calling tour kickoff	PLJ7S-K0cjvGJlmjVUQxN4GKBngP4katI3
2024-05-18	Oh He Dead & The North Country LIVE @ 9:30 Club 5/15/24	7	https://www.youtube.com/playlist?list=PLJ7S-K0cjvGLHAeFlPXKijx2VHSF1TeDy	select tracks from stage right balcony	PLJ7S-K0cjvGLHAeFlPXKijx2VHSF1TeDy
2024-06-09	Jackie Venson LIVE @ Color Burst Park (MD) 6/6/24	13	https://www.youtube.com/playlist?list=PLJ7S-K0cjvGJnT3CCr-E4JMjgbYldszpN	Live from the lawn	PLJ7S-K0cjvGJnT3CCr-E4JMjgbYldszpN
2024-06-19	John Hiatt LIVE @ Birchmere 6/10/24	18	https://www.youtube.com/playlist?list=PLJ7S-K0cjvGISANJyMAJ1gCg8p5oOmiVM	From a front table. Rebecca Porter supporting	PLJ7S-K0cjvGISANJyMAJ1gCg8p5oOmiVM
2024-06-19	Gary Clark Jr. LIVE @ Wolf Trap (VA) 6/9/24	8	https://www.youtube.com/playlist?list=PLJ7S-K0cjvGKgXKH8T7GjfJJu0GmHrxb2	From the balcony of the Filene Center	PLJ7S-K0cjvGKgXKH8T7GjfJJu0GmHrxb2
2024-06-22	Trombone Shorty LIVE @ Wolf Trap 6/15/24	10	https://www.youtube.com/playlist?list=PLJ7S-K0cjvGLRcJ_b6KjSHQoN2MXgWR6m	from the pavilion side aisle, with Danielle Ponder supporting	PLJ7S-K0cjvGLRcJ_b6KjSHQoN2MXgWR6m
2024-06-22	PIXIES + Modest Mouse + Cat Power LIVE @ Merriweather Post (MD) 6/14/24	5	https://www.youtube.com/playlist?list=PLJ7S-K0cjvGIa_flRON67W-_MVRCRtOeI	A handful of obstructed view tracks from the lawn	PLJ7S-K0cjvGIa_flRON67W-_MVRCRtOeI
2024-06-23	Buffalo Nichols LIVE @ Jammin' Java (VA) 06/21/24	14	https://www.youtube.com/playlist?list=PLJ7S-K0cjvGJwOsdmmjRcGoEYN1sV3c5A	From a table. Spencer Tate on mandolin, violin	PLJ7S-K0cjvGJwOsdmmjRcGoEYN1sV3c5A
2024-07-05	Mikaela Davis LIVE @ Pearl Street Warehouse 06/25/24	8	https://www.youtube.com/playlist?list=PLJ7S-K0cjvGLqwgMrIFdIeFpLjgkwVFdj	Select tracks from the balcony. Rich Ruth supporting	PLJ7S-K0cjvGLqwgMrIFdIeFpLjgkwVFdj
2024-07-05	Kingfish Ingram LIVE @ Fillmore Silver Spring (MD) 06/27/24	13	https://www.youtube.com/playlist?list=PLJ7S-K0cjvGLSwIQC01VwRxLlxqUnZBWz	Select tracks from the rail	PLJ7S-K0cjvGLSwIQC01VwRxLlxqUnZBWz
2024-07-06	Alanis Morissette and Joan Jett LIVE @ Merriweather Post (MD) 06/29/24	14	https://www.youtube.com/playlist?list=PLJ7S-K0cjvGIL7RFtTk_mv4CdOcgXfcXK	selected tracks from stage left pavilion. Morgan Wade supporting	PLJ7S-K0cjvGIL7RFtTk_mv4CdOcgXfcXK
2024-07-11	Los Lobos LIVE @ Birchmere 7/10/24	7	https://www.youtube.com/playlist?list=PLJ7S-K0cjvGLGGkKEPx2ZMpqb7clYETJ4	select tracks from the front table in front of Cesar Rosas	PLJ7S-K0cjvGLGGkKEPx2ZMpqb7clYETJ4
2024-07-24	Pretenders LIVE @ Warner Theatre (DC) 07/20/2024	7	https://www.youtube.com/playlist?list=PLJ7S-K0cjvGLhKMKlX67yv-vqCePMfK67	first night of 2. Selected tracks from the balcony	PLJ7S-K0cjvGLhKMKlX67yv-vqCePMfK67
2024-07-24	Tab Benoit & Anders Osborne with Mike Zito LIVE @ Birchmere 7/18/24	8	https://www.youtube.com/playlist?list=PLJ7S-K0cjvGLQ0rQ4vl_o2MwmwbkY9ZGS	Selected tracks from the front row	PLJ7S-K0cjvGLQ0rQ4vl_o2MwmwbkY9ZGS
2024-08-09	Slash S.E.R.P.E.N.T. Festival LIVE Cary, NC 8/7/24	18	https://www.youtube.com/playlist?list=PLJ7S-K0cjvGITFWPmAMpvg29Ddt0eOJ8Z	Selected tracks from row 4. Robert Randolph, ZZ Ward, Larkin Poe, Slash	PLJ7S-K0cjvGITFWPmAMpvg29Ddt0eOJ8Z
2024-08-24	Sue Foley LIVE @ Hamilton Live (DC) 8/23/24	5	https://www.youtube.com/playlist?list=PLJ7S-K0cjvGKGNIaZgK0JUXFghD2lOzV-	Select tracks from a front table. Some videos removed due to copyright strike	PLJ7S-K0cjvGKGNIaZgK0JUXFghD2lOzV-
2024-09-05	Walter Trout LIVE @ Ram's Head (MD) 9/4/24	3	https://www.youtube.com/playlist?list=PLJ7S-K0cjvGKfeAkck2WbpOlrNgDuG5dY	A few tracks from a front table	PLJ7S-K0cjvGKfeAkck2WbpOlrNgDuG5dY
2024-09-08	Kingsley Flood LIVE @ Pearl Street Warehouse (DC) 9/7/24	10	https://www.youtube.com/playlist?list=PLJ7S-K0cjvGJJApKUiWmOTWChNiQRkZtc	Selected tracks from the balcony. Beanstalk Library supporting	PLJ7S-K0cjvGJJApKUiWmOTWChNiQRkZtc
2024-09-09	Vanessa Collier LIVE @ Rams Head (MD) 9/8/24	5	https://www.youtube.com/playlist?list=PLJ7S-K0cjvGL_urhBlAaFymtZnIz9emb6	select tracks from a front table	PLJ7S-K0cjvGL_urhBlAaFymtZnIz9emb6
2024-09-13	Shawn James LIVE @ The Black Cat (DC) 9/12/24	6	https://www.youtube.com/playlist?list=PLJ7S-K0cjvGJyGnk6gREOypsrCxohHV0c	Selected tracks from a couple rows behind the rail	PLJ7S-K0cjvGJyGnk6gREOypsrCxohHV0c
2024-09-22	Selwyn Birchwood LIVE @ the Vault at Capital One Hall 9/18/24	10	https://www.youtube.com/playlist?list=PLJ7S-K0cjvGL3rMKdh0de7S68Z2dP2YBu	select tracks from the front row. Carly Harvey supporting	PLJ7S-K0cjvGL3rMKdh0de7S68Z2dP2YBu
2024-09-23	Maryland Renaissance Festival Celtic Weekend 2024	26	https://www.youtube.com/playlist?list=PLJ7S-K0cjvGJcQZO5RFCP06Me6E6aE40G	Live music from various bands 9/22/24	PLJ7S-K0cjvGJcQZO5RFCP06Me6E6aE40G
2024-09-23	Marcus King LIVE @ Warner Theatre 9/19/24	4	https://www.youtube.com/playlist?list=PLJ7S-K0cjvGKYcbx20Js2RW2kdrs_db59	select tracks from the balcony. Brittney Spencer supporting	PLJ7S-K0cjvGKYcbx20Js2RW2kdrs_db59
2024-09-27	Suzanne Vega LIVE @ Birchmere 9/25/24	19	https://www.youtube.com/playlist?list=PLJ7S-K0cjvGIgNjgQlo9xO44zF9N26kpc	3 songs from VIP pre-show sound check and a lot of the main set	PLJ7S-K0cjvGIgNjgQlo9xO44zF9N26kpc
2024-09-30	Soul Coughing @ 9:30 Club (DC) 9/28/24	7	https://www.youtube.com/playlist?list=PLJ7S-K0cjvGKJath7-jUYRE2EuuNFRgU7	Selected tracks. We Said It Would Never Happen Tour	PLJ7S-K0cjvGKJath7-jUYRE2EuuNFRgU7
2024-10-05	The Lone Bellow LIVE @ The Birchmere (10/4/24)	12	https://www.youtube.com/playlist?list=PLJ7S-K0cjvGJBpcSRwOfciHwhbssMAyAR	Select tracks from pre-show meet and greet and main set	PLJ7S-K0cjvGJBpcSRwOfciHwhbssMAyAR
2024-10-06	Valerie June LIVE @ Publick Playhouse (MD) 10/5/24	8	https://www.youtube.com/playlist?list=PLJ7S-K0cjvGKDkeWVTzCEMe0xJv0cd9SQ	selected tracks from the front row	PLJ7S-K0cjvGKDkeWVTzCEMe0xJv0cd9SQ
2024-10-11	Vanessa Collier LIVE @ Hamilton Live (DC) 10/9/24	10	https://www.youtube.com/playlist?list=PLJ7S-K0cjvGLUOdXZexCDUO1vE67aFAbK	Selected tracks from a front table. Sweet Leda supporting	PLJ7S-K0cjvGLUOdXZexCDUO1vE67aFAbK
2024-10-14	Jake Xerxes Fussell LIVE @ Songbyrd Music House (DC) 10/13/24	5	https://www.youtube.com/playlist?list=PLJ7S-K0cjvGLB0r3UiSx-6PQ6_skRE4dB	a few tracks from a few rows back. David Moore supporting	PLJ7S-K0cjvGLB0r3UiSx-6PQ6_skRE4dB
2024-10-18	Ana Popović LIVE @ Hamilton Live (DC) 10/16/24	7	https://www.youtube.com/playlist?list=PLJ7S-K0cjvGL-lA1pN6EM6mo0nvqm4YCL	Select tracks from a front table. Carly Harvey supporting	PLJ7S-K0cjvGL-lA1pN6EM6mo0nvqm4YCL
2024-10-24	Shemekia Copeland LIVE @ Rams Head On Stage (MD) 10/19/24	8	https://www.youtube.com/playlist?list=PLJ7S-K0cjvGL7HsVrGhfW41b3M5hPjRzX	Select tracks from front row extreme left	PLJ7S-K0cjvGL7HsVrGhfW41b3M5hPjRzX
2024-11-13	Albert Cummings LIVE @ Collective Encore (MD) 11/8/24	6	https://www.youtube.com/playlist?list=PLJ7S-K0cjvGKBKQzNYJqGCYaL5V4TJ9C9	Selected tracks from a 2nd row table	PLJ7S-K0cjvGKBKQzNYJqGCYaL5V4TJ9C9
2024-11-18	Wood Brothers LIVE @ Strathmore Music Hall 11/16/24	13	https://www.youtube.com/playlist?list=PLJ7S-K0cjvGICF3dJDFJ04zWRyk6Bq65X	Selected tracks from the orchestra tier. Lindsay Lou supporting	PLJ7S-K0cjvGICF3dJDFJ04zWRyk6Bq65X
2024-11-27	Ruf Records 30th Anniversary Tour LIVE @ Warner Theatre 11/20/24	13	https://www.youtube.com/playlist?list=PLJ7S-K0cjvGKgmK7pARDcQrZ9p3FoNcCe	Ghalia Volt, Canned Heat + Bernard Allison, Samantha Fish + Mitch Ryder	PLJ7S-K0cjvGKgmK7pARDcQrZ9p3FoNcCe
2024-12-23	Albert Castiglia Live @ JV's Restaurant - end of tour 12/22/24	9	https://www.youtube.com/playlist?list=PLJ7S-K0cjvGKBkLw_-ONXYf3x1LQ8XEPY	select tracks from three Sunday night sets	PLJ7S-K0cjvGKBkLw_-ONXYf3x1LQ8XEPY
2025-01-11	Young Dubliners LIVE @ Pearl Street Warehouse 1/10/25	11	https://www.youtube.com/playlist?list=PLJ7S-K0cjvGJvW76f6a0oz1P_p7lysy58	the Feicin' Freezin' Tour. Select tracks from the balcony	PLJ7S-K0cjvGJvW76f6a0oz1P_p7lysy58
2025-01-26	Langhorne Slim & Oliver Wood LIVE @ Birchmere 1/22/25	12	https://www.youtube.com/playlist?list=PLJ7S-K0cjvGLnz-M5qfqM8y207uAcVXgf	Tour kickoff. Oliver solo set, Langhorne solo set, then together	PLJ7S-K0cjvGLnz-M5qfqM8y207uAcVXgf
2025-02-02	Galactic featuring Jelly Joseph LIVE @ 9:30 Club 1/30/25	7	https://www.youtube.com/playlist?list=PLJ7S-K0cjvGKFLy1E2wNp21OLCSmgS9va	select tracks from the stage right balcony. Jah Works supporting	PLJ7S-K0cjvGKFLy1E2wNp21OLCSmgS9va
2025-02-09	Sue Foley LIVE @ Hamilton Live 2/6/25	9	https://www.youtube.com/playlist?list=PLJ7S-K0cjvGL99d7kOWzlN98aXDM-qtL4	Select tracks from a front table. Acoustic then electric sets	PLJ7S-K0cjvGL99d7kOWzlN98aXDM-qtL4
2025-03-01	Enter the Haggis LIVE Farewell Tour @ Barns at Wolf Trap 2/26/25	7	https://www.youtube.com/playlist?list=PLJ7S-K0cjvGLMV7me9Pw-EeHdgp_Q4X_y	Select tracks from the balcony	PLJ7S-K0cjvGLMV7me9Pw-EeHdgp_Q4X_y
2025-03-01	Mike Zito LIVE @ Hub City Vinyl (MD) 2/27/25	8	https://www.youtube.com/playlist?list=PLJ7S-K0cjvGI30jX_mObnhmgkIBa2VQ7k	Selected tracks from the second row. Kelli Baker supporting	PLJ7S-K0cjvGI30jX_mObnhmgkIBa2VQ7k
2025-03-20	Daniel Donato's Cosmic Country LIVE @ Hamilton Live (DC) 3/13/25	5	https://www.youtube.com/playlist?list=PLJ7S-K0cjvGI-YlhWCarU9ScFcHae5qtp	Night 1 of 2, Spring 2025 Tour	PLJ7S-K0cjvGI-YlhWCarU9ScFcHae5qtp
2025-03-21	ZZ Ward LIVE @ Birchmere 3/19/25	13	https://www.youtube.com/playlist?list=PLJ7S-K0cjvGLurgbIEooTWJbZCnMawdtX	selected tracks from a front table. Dirty Sun Tour	PLJ7S-K0cjvGLurgbIEooTWJbZCnMawdtX
2025-04-06	Southern Avenue LIVE @ Ram's Head (MD) 3/21/25	11	https://www.youtube.com/playlist?list=PLJ7S-K0cjvGL4moyHGhpCCs5cK8PhrXt3	select tracks from front row	PLJ7S-K0cjvGL4moyHGhpCCs5cK8PhrXt3
2025-04-07	Experience Hendrix LIVE @ Warner Theatre (DC) 4/5/25	13	https://www.youtube.com/playlist?list=PLJ7S-K0cjvGIu1pcW5mvyNq0tY53dizvp	Select tracks from 2nd row stage right. Zakk Wylde, Ally Venable, Kingfish Ingram, Samantha Fish, KWS, Henri Brown, Dylan Triplett, Eric Johnson, Mato Nanji	PLJ7S-K0cjvGIu1pcW5mvyNq0tY53dizvp
2025-04-13	Cowboy Junkies LIVE @ Birchmere 4/9/25	9	https://www.youtube.com/playlist?list=PLJ7S-K0cjvGIIcC3tkXHchuYr7V_3pV5A	Select tracks from a 2nd row table. 40th Anniversary tour	PLJ7S-K0cjvGIIcC3tkXHchuYr7V_3pV5A
2025-04-20	Valerie June LIVE @ Ram's Head (MD) 4/18/25	10	https://www.youtube.com/playlist?list=PLJ7S-K0cjvGL2WeBN9RzkhcyULTgAyY3Z	Selected tracks from the table right in front of the mix	PLJ7S-K0cjvGL2WeBN9RzkhcyULTgAyY3Z
2025-05-03	Danielle Nicole Band LIVE @ Pearl Street Warehouse (DC) 5/2/25	7	https://www.youtube.com/playlist?list=PLJ7S-K0cjvGJ-YueR5L4sqdUpas1OW4C9	select tracks from the balcony. Brandon Miller supporting	PLJ7S-K0cjvGJ-YueR5L4sqdUpas1OW4C9
2025-05-04	Allison Russell LIVE @ Lincoln Theatre (DC) 5/3/25	10	https://www.youtube.com/playlist?list=PLJ7S-K0cjvGLhMNgGJsjknOQBcRTzq_ia	All Returners Tour. VIP Soundcheck plus Kara Jackson supporting	PLJ7S-K0cjvGLhMNgGJsjknOQBcRTzq_ia
2025-05-10	Larkin Poe LIVE @ 9:30 Club (DC) 5/9/25	12	https://www.youtube.com/playlist?list=PLJ7S-K0cjvGKO3gwaxYzLBTciOMvP5Cyv	Select tracks from the rail. Amythyst Kiah supporting	PLJ7S-K0cjvGKO3gwaxYzLBTciOMvP5Cyv
2025-05-16	The Devil Makes Three LIVE @ 9:30 Club (DC) 5/11/25	10	https://www.youtube.com/playlist?list=PLJ7S-K0cjvGLgrKItidPLi5YuYso-4NLY	select tracks from the stage right balcony. Bridge City Sinners supporting	PLJ7S-K0cjvGLgrKItidPLi5YuYso-4NLY
2025-05-20	Ally Venable LIVE @ Rams Head (MD) 5/14/25	6	https://www.youtube.com/playlist?list=PLJ7S-K0cjvGK7YleAlUlbka340H4j2ZMn	Money and Power Tour	PLJ7S-K0cjvGK7YleAlUlbka340H4j2ZMn
2025-05-21	Vanessa Collier - Can't Stand the Rain (bootlegs)	3	https://www.youtube.com/playlist?list=PLJ7S-K0cjvGIHFoNHZ_Ei2gnPAyRUypeM	3 different shows, 3 different band configurations, one killer cover	PLJ7S-K0cjvGIHFoNHZ_Ei2gnPAyRUypeM
2025-06-10	TajMo LIVE Taj Mahal and Keb Mo @ Wolf Trap 6/8/25	9	https://www.youtube.com/playlist?list=PLJ7S-K0cjvGICE4_wkwYVFlTSv2AUyAJA	select tracks from 3rd row. Abraham Alexander supporting	PLJ7S-K0cjvGICE4_wkwYVFlTSv2AUyAJA
2025-06-14	The Heavy Heavy LIVE @ Atlantis (DC) 5/13/25	7	https://www.youtube.com/playlist?list=PLJ7S-K0cjvGKE-rgw0yfTicqHg7FQpfTs	Select tracks from the balcony. Judy Blank supporting	PLJ7S-K0cjvGKE-rgw0yfTicqHg7FQpfTs
2025-10-04	Hozier LIVE in Bristow, VA 9/16/2025 (night 1 of 2)	4	https://www.youtube.com/playlist?list=PLJ7S-K0cjvGIL3wIXd8f_6SbTCQG7tixp	4 songs from the 100 level stage left	PLJ7S-K0cjvGIL3wIXd8f_6SbTCQG7tixp
2025-11-04	Jon Batiste LIVE @ The Anthem (DC)	7	https://www.youtube.com/playlist?list=PLJ7S-K0cjvGIfDv8WQkTrJMl5dMebJVHU	select songs from the rail at the closing performance of the 2025 Big Money Tour	PLJ7S-K0cjvGIfDv8WQkTrJMl5dMebJVHU
2025-11-15	Lone Bellow LIVE @ Union Stage (DC) 11/15/2025	15	https://www.youtube.com/playlist?list=PLJ7S-K0cjvGLOmu4ETmoyci5Dn-FNfBNG	VIP preshow unamplified plus select tracks from the rail. Nicole Atkins supporting	PLJ7S-K0cjvGLOmu4ETmoyci5Dn-FNfBNG
2025-11-18	Sparkbird LIVE headlining show @ Richmond Music Hall (VA) 11/17/25	11	https://www.youtube.com/playlist?list=PLJ7S-K0cjvGJXlHQOOX3YMrd51HE0zslb	Select tracks from the stage left corner. Sushi Soucy and Spartan Jet-Plex supporting	PLJ7S-K0cjvGJXlHQOOX3YMrd51HE0zslb
2025-11-23	Keb' Mo' LIVE solo - Maryland Hall, Annapolis 11/21/25	7	https://www.youtube.com/playlist?list=PLJ7S-K0cjvGIJeMAfrYxV5O1pJ_KudwHk	Select tracks from stage right box. Anthony D'Amato supporting	PLJ7S-K0cjvGIJeMAfrYxV5O1pJ_KudwHk
2026-02-16	Vanessa Collier LIVE - Valentine's 2026 at Rams Head, Annapolis	4	https://www.youtube.com/playlist?list=PLJ7S-K0cjvGKQ2CFf3oqeisdJqbfkRiEn	selected tracks from a front table	PLJ7S-K0cjvGKQ2CFf3oqeisdJqbfkRiEn
2026-03-21	Danielle Nicole Band LIVE @ Hamilton Live (DC) 03/20/26	7	https://www.youtube.com/playlist?list=PLJ7S-K0cjvGK3qhHKzR5rVBeqtngvi8bL	@DanielleNicoleOfficial @brodybustermusic supporting select tracks from a front table, full set list is at https://www.setlist.fm/setlist/danielle-nicole/2026/the-hamilton-live-washington-dc-33492cc1.	PLJ7S-K0cjvGK3qhHKzR5rVBeqtngvi8bL
2026-03-21	Taj Farrant LIVE @ Rams Head 3/16/26 - 16 years old!	10	https://www.youtube.com/playlist?list=PLJ7S-K0cjvGITbEz4XzY8rKKsccjbhrNs	the mustache is a valiant try. the guitar chops are otherworldly @TajFarrant_Official select tracks from table 100 full set list at https://www.setlist.fm/setlist/taj-farrant/2026/rams-head-on-stage-a	PLJ7S-K0cjvGITbEz4XzY8rKKsccjbhrNs
2026-03-25	The War and Treaty LIVE @ Howard Theatre (DC) 4/11/25	6	https://www.youtube.com/playlist?list=PLJ7S-K0cjvGJ0oxlwovpXG26gHAMR0ViG		PLJ7S-K0cjvGJ0oxlwovpXG26gHAMR0ViG
2026-03-25	Suzanne Vega LIVE @ Lincoln Theatre (DC) 6/10/25	6	https://www.youtube.com/playlist?list=PLJ7S-K0cjvGK5nb1sCthFnLvqdYbJI_tD		PLJ7S-K0cjvGK5nb1sCthFnLvqdYbJI_tD
2026-03-25	Jax Hollow LIVE @ Ram's Head (MD) 7/17/25	6	https://www.youtube.com/playlist?list=PLJ7S-K0cjvGJqpoD9UT_BtMYghkC91Vqr		PLJ7S-K0cjvGJqpoD9UT_BtMYghkC91Vqr
2026-03-25	D.K. Harrell LIVE @ Jammin' Java (VA) 8/19/25	6	https://www.youtube.com/playlist?list=PLJ7S-K0cjvGLG-WCQPCyCMvPy5mhfmOym		PLJ7S-K0cjvGLG-WCQPCyCMvPy5mhfmOym
2026-03-25	"Christone ""Kingfish"" Ingram LIVE @ Baltimore Soundstage 9/24/25"	7	https://www.youtube.com/playlist?list=PLJ7S-K0cjvGIRp58p0ZK_whWMsFRNnYmN	select tracks from the rail full set list at https://www.setlist.fm/setlist/christone-kingfish-ingram/2025/baltimore-soundstage-baltimore-md-4b47af36.html	PLJ7S-K0cjvGIRp58p0ZK_whWMsFRNnYmN
2026-03-25	Alabama Shakes LIVE @ The Anthem (DC) 9/19/25	7	https://www.youtube.com/playlist?list=PLJ7S-K0cjvGKuIHQkITzIRpAiSxah3hpx		PLJ7S-K0cjvGKuIHQkITzIRpAiSxah3hpx
2026-03-25	North Mississippi Allstars LIVE @ Wolf Trap Barns (VA) 11/8/25	7	https://www.youtube.com/playlist?list=PLJ7S-K0cjvGKXGlxcjXwWHadud4tZUOYn		PLJ7S-K0cjvGKXGlxcjXwWHadud4tZUOYn
2026-03-25	Ruthie Foster LIVE @ Hamilton Live (DC) 10/26/25	9	https://www.youtube.com/playlist?list=PLJ7S-K0cjvGLZWb0lcUzPfC917AfzTCz0		PLJ7S-K0cjvGLZWb0lcUzPfC917AfzTCz0
2026-03-25	Jackie Venson LIVE @ Hamilton Live (DC) 10/15/25	10	https://www.youtube.com/playlist?list=PLJ7S-K0cjvGKYTwXZMX8huYuTgbPF-_Qh		PLJ7S-K0cjvGKYTwXZMX8huYuTgbPF-_Qh
2026-03-25	Tommy Emmanuel LIVE @ Lincoln Theatre (DC) 10/21/25	8	https://www.youtube.com/playlist?list=PLJ7S-K0cjvGLOAzoPhVXBV1lHGD1YliMK		PLJ7S-K0cjvGLOAzoPhVXBV1lHGD1YliMK
2026-03-26	Enter the Haggis LIVE @ City Winery (DC) 10/27/22	4	https://www.youtube.com/playlist?list=PLJ7S-K0cjvGLVO3CKo8c2CfC9_J3M56HR		PLJ7S-K0cjvGLVO3CKo8c2CfC9_J3M56HR
2026-03-26	Judith Hill LIVE @ Hamilton Live (DC) 10/8/25	5	https://www.youtube.com/playlist?list=PLJ7S-K0cjvGIrGkEQ-gvOHmWxeHex9CPa		PLJ7S-K0cjvGIrGkEQ-gvOHmWxeHex9CPa
2026-03-26	Amythyst Kiah LIVE @ Jammin' Java (VA) 7/21/25	8	https://www.youtube.com/playlist?list=PLJ7S-K0cjvGKDVTswOCN1kpjAQVsBh-fm		PLJ7S-K0cjvGKDVTswOCN1kpjAQVsBh-fm
2026-03-26	Eric Gales LIVE @ Ram's Head (MD) 6/19/25	4	https://www.youtube.com/playlist?list=PLJ7S-K0cjvGLRzshmoohvw5SyewPMRBcf		PLJ7S-K0cjvGLRzshmoohvw5SyewPMRBcf
